"Date";"HomeTeam";"AwayTeam";"margen_B365";"margen_BW";"margen_IW"
"13/08/2021";"Brentford";"Arsenal";"0,0586550804779302";"0,0539930758159257";"0,0470406786196258"
"14/08/2021";"Man United";"Leeds";"0,0496894409937887";"0,0516625801178647";"0,0482374768089053"
"14/08/2021";"Burnley";"Brighton";"0,0533245556287030";"0,0469396195202647";"0,0586127629264293"
"14/08/2021";"Chelsea";"Crystal Palace";"0,0506160506160505";"0,0518796992481203";"0,0506160506160505"
"14/08/2021";"Everton";"Southampton";"0,0505279034690800";"0,0485891917742707";"0,0485074626865671"
"14/08/2021";"Leicester";"Wolves";"0,0549019607843138";"0,0516656191074796";"0,0523865850042564"
"14/08/2021";"Watford";"Aston Villa";"0,0516934046345812";"0,0516934046345812";"0,0507503888425367"
"14/08/2021";"Norwich";"Liverpool";"0,0588169140800718";"0,0483296363514150";"0,0436230436230436"
"15/08/2021";"Newcastle";"West Ham";"0,0516934046345812";"0,0516934046345812";"0,0474308300395256"
"15/08/2021";"Tottenham";"Man City";"0,0557303960136375";"0,0499231950844854";"0,0484796712955444"
"21/08/2021";"Liverpool";"Burnley";"0,0575757575757576";"0,0469565217391306";"0,0447552447552448"
"21/08/2021";"Aston Villa";"Newcastle";"0,0496603325094878";"0,0512099921935987";"0,0500907861963440"
"21/08/2021";"Crystal Palace";"Brentford";"0,0542582417582418";"0,0542582417582418";"0,0500549292319508"
"21/08/2021";"Leeds";"Everton";"0,0512969415408442";"0,0476190476190474";"0,0552093046081368"
"21/08/2021";"Man City";"Norwich";"0,0578323278552111";"0,0515873015873016";"0,0398438551622022"
"21/08/2021";"Brighton";"Watford";"0,0564892623716153";"0,0478626233101935";"0,0476190476190474"
"22/08/2021";"Southampton";"Man United";"0,0464230726932806";"0,0499630450849964";"0,0480343300110742"
"22/08/2021";"Wolves";"Tottenham";"0,0614028916171245";"0,0520236159835714";"0,0545808966861596"
"22/08/2021";"Arsenal";"Chelsea";"0,0484770484770483";"0,0514205262201457";"0,0434435892101797"
"23/08/2021";"West Ham";"Leicester";"0,0556118999323867";"0,0531581053474022";"0,0488955307523466"
"28/08/2021";"Man City";"Arsenal";"0,0534670008354219";"0,0529411764705883";"0,0550264550264550"
"28/08/2021";"Aston Villa";"Brentford";"0,0576923076923077";"0,0494910494910494";"0,0552374454813478"
"28/08/2021";"Brighton";"Everton";"0,0551670551670551";"0,0503129117259553";"0,0507503888425367"
"28/08/2021";"Newcastle";"Southampton";"0,0472085385878489";"0,0532581453634084";"0,0510204081632653"
"28/08/2021";"Norwich";"Leicester";"0,0564135564135562";"0,0513379872018616";"0,0479960062758522"
"28/08/2021";"West Ham";"Crystal Palace";"0,0574409250879839";"0,0513433641123742";"0,0567738987879276"
"28/08/2021";"Liverpool";"Chelsea";"0,0560211545433220";"0,0530303030303030";"0,0522278268179908"
"29/08/2021";"Burnley";"Leeds";"0,0527597402597402";"0,0538608678143562";"0,0527597402597402"
"29/08/2021";"Tottenham";"Watford";"0,0541549953314659";"0,0548589341692791";"0,0539393939393940"
"29/08/2021";"Wolves";"Man United";"0,0486215538847117";"0,0522251574883152";"0,0476190476190474"
"11/09/2021";"Crystal Palace";"Tottenham";"0,0450804198444461";"0,0539460539460541";"0,0470406786196258"
"11/09/2021";"Arsenal";"Norwich";"0,0602941176470588";"0,0480850012354832";"0,0473996050032917"
"11/09/2021";"Brentford";"Brighton";"0,0480708412397217";"0,0485312899106001";"0,0514672879218585"
"11/09/2021";"Leicester";"Man City";"0,0615942028985508";"0,0545454545454547";"0,0465367965367967"
"11/09/2021";"Man United";"Newcastle";"0,0569814366424537";"0,0476190476190477";"0,0476190476190477"
"11/09/2021";"Southampton";"West Ham";"0,0538302277432714";"0,0502292514553604";"0,0538302277432714"
"11/09/2021";"Watford";"Wolves";"0,0654747020088355";"0,0510620915032680";"0,0476190476190474"
"11/09/2021";"Chelsea";"Aston Villa";"0,0629908103592314";"0,0510489510489511";"0,0488639900404606"
"12/09/2021";"Leeds";"Liverpool";"0,0555787429935291";"0,0546821599453178";"0,0513847030422983"
"13/09/2021";"Everton";"Burnley";"0,0476190476190474";"0,0476190476190474";"0,0496031746031746"
"17/09/2021";"Newcastle";"Leeds";"0,0549038774845227";"0,0480480480480479";"0,0462858996431867"
"18/09/2021";"Wolves";"Brentford";"0,0632478632478632";"0,0490620490620490";"0,0581446508951839"
"18/09/2021";"Burnley";"Arsenal";"0,0572649572649575";"0,0537561853351329";"0,0472727966716286"
"18/09/2021";"Liverpool";"Crystal Palace";"0,0551630434782608";"0,0509090909090910";"0,0474015748031495"
"18/09/2021";"Man City";"Southampton";"0,0610165118679051";"0,0498599439775911";"0,0473415473415475"
"18/09/2021";"Norwich";"Watford";"0,0505050505050504";"0,0533515731874146";"0,0501672240802677"
"18/09/2021";"Aston Villa";"Everton";"0,0560224089635852";"0,0459243598778483";"0,0554519071310116"
"19/09/2021";"Brighton";"Leicester";"0,0539965986394557";"0,0491889063317634";"0,0539965986394557"
"19/09/2021";"West Ham";"Man United";"0,0568086883876358";"0,0459861775651249";"0,0456728936332444"
"19/09/2021";"Tottenham";"Chelsea";"0,0656050698164541";"0,0477061638052350";"0,0508405989037266"
"25/09/2021";"Chelsea";"Man City";"0,0573275862068967";"0,0542582417582418";"0,0569317687961755"
"25/09/2021";"Man United";"Aston Villa";"0,0602941176470588";"0,0522167487684730";"0,0473996050032917"
"25/09/2021";"Everton";"Norwich";"0,0453781512605043";"0,0508908472980329";"0,0453781512605043"
"25/09/2021";"Leeds";"West Ham";"0,0573879726803266";"0,0515873015873016";"0,0520496419455840"
"25/09/2021";"Leicester";"Burnley";"0,0596946912736387";"0,0456888420960277";"0,0461082751545179"
"25/09/2021";"Watford";"Newcastle";"0,0592334494773521";"0,0476190476190474";"0,0449482118428768"
"25/09/2021";"Brentford";"Liverpool";"0,0591036414565824";"0,0522167487684730";"0,0473996050032917"
"26/09/2021";"Southampton";"Wolves";"0,0569985569985572";"0,0516934046345812";"0,0517598343685299"
"26/09/2021";"Arsenal";"Tottenham";"0,0533515731874146";"0,0480859010270773";"0,0544987276071456"
"27/09/2021";"Crystal Palace";"Brighton";"0,0500938726745179";"0,0498533724340176";"0,0500549292319508"
"02/10/2021";"Man United";"Everton";"0,0490074441687345";"0,0490637293469709";"0,0520776004402861"
"02/10/2021";"Burnley";"Norwich";"0,0540935672514620";"0,0513379872018616";"0,0549450549450550"
"02/10/2021";"Chelsea";"Southampton";"0,0498120300751879";"0,0514475743348983";"0,0552207611644526"
"02/10/2021";"Leeds";"Watford";"0,0550795593635252";"0,0536175710594315";"0,0571512679254804"
"02/10/2021";"Wolves";"Newcastle";"0,0549019607843138";"0,0486215538847117";"0,0526333260305258"
"02/10/2021";"Brighton";"Arsenal";"0,0549749163879598";"0,0539965986394557";"0,0501672240802677"
"03/10/2021";"Crystal Palace";"Leicester";"0,0465145541481420";"0,0523300229182584";"0,0529528950581581"
"03/10/2021";"Tottenham";"Aston Villa";"0,0521927953778742";"0,0523809523809524";"0,0563880797221137"
"03/10/2021";"West Ham";"Brentford";"0,0585883312933497";"0,0522251574883152";"0,0480480480480479"
"03/10/2021";"Liverpool";"Man City";"0,0573879726803266";"0,0458937198067635";"0,0471084985718426"
"16/10/2021";"Watford";"Liverpool";"0,0542549238201411";"0,0562169312169312";"0,0562169312169312"
"16/10/2021";"Aston Villa";"Wolves";"0,0576923076923077";"0,0538608678143562";"0,0568086883876358"
"16/10/2021";"Leicester";"Man United";"0,0572649572649575";"0,0523809523809524";"0,0523809523809524"
"16/10/2021";"Man City";"Burnley";"0,0565998329156223";"0,0502218586549665";"0,0394064872325743"
"16/10/2021";"Norwich";"Brighton";"0,0549450549450552";"0,0512969415408440";"0,0569381598793366"
"16/10/2021";"Southampton";"Leeds";"0,0569985569985569";"0,0472085385878489";"0,0563880797221137"
"16/10/2021";"Brentford";"Chelsea";"0,0553232998885174";"0,0539164366612734";"0,0562770562770563"
"17/10/2021";"Everton";"West Ham";"0,0542582417582418";"0,0575139146567718";"0,0507263634198618"
"17/10/2021";"Newcastle";"Tottenham";"0,0512969415408440";"0,0718954248366013";"0,0552093046081366"
"18/10/2021";"Arsenal";"Crystal Palace";"0,0536093418259023";"0,0476072505058012";"0,0484796712955446"
"22/10/2021";"Arsenal";"Aston Villa";"0,0572072072072072";"0,0620300751879699";"0,0503385503385503"
"23/10/2021";"Chelsea";"Norwich";"0,0530054644808744";"0,0418833645378269";"0,0421721311475411"
"23/10/2021";"Crystal Palace";"Newcastle";"0,0564135564135564";"0,0608685608685609";"0,0501253132832080"
"23/10/2021";"Everton";"Watford";"0,0597326649958227";"0,0593786295005807";"0,0507246376811594"
"23/10/2021";"Leeds";"Wolves";"0,0493919086621990";"0,0589607464607464";"0,0485074626865671"
"23/10/2021";"Southampton";"Burnley";"0,0540935672514620";"0,0616926932716406";"0,0537561853351327"
"23/10/2021";"Brighton";"Man City";"0,0634674922600618";"0,0531468531468533";"0,0520516717325228"
"24/10/2021";"Brentford";"Leicester";"0,0423693953105717";"0,0542582417582418";"0,0534932176723220"
"24/10/2021";"West Ham";"Tottenham";"0,0527597402597402";"0,0595238095238095";"0,0455047899778924"
"24/10/2021";"Man United";"Liverpool";"0,0573879726803266";"0,0634920634920635";"0,0502292514553604"
"30/10/2021";"Leicester";"Arsenal";"0,0510204081632653";"0,0630727762803236";"0,0469979296066254"
"30/10/2021";"Burnley";"Brentford";"0,0556280855258038";"0,0609320557491289";"0,0514672879218585"
"30/10/2021";"Liverpool";"Brighton";"0,0575757575757576";"0,0555096829112576";"0,0540682414698161"
"30/10/2021";"Man City";"Crystal Palace";"0,0565998329156223";"0,0466567791373131";"0,0434089175507941"
"30/10/2021";"Newcastle";"Chelsea";"0,0499999999999998";"0,0538094235491637";"0,0453514739229024"
"30/10/2021";"Watford";"Southampton";"0,0538608678143562";"0,0611427366645583";"0,0476190476190474"
"30/10/2021";"Tottenham";"Man United";"0,0555555555555556";"0,0573879726803266";"0,0463605732147934"
"31/10/2021";"Norwich";"Leeds";"0,0572649572649575";"0,0634920634920635";"0,0480480480480481"
"31/10/2021";"Aston Villa";"West Ham";"0,0524828001912243";"0,0604525498142519";"0,0487203206907185"
"01/11/2021";"Wolves";"Everton";"0,0553940568475451";"0,0553940568475451";"0,0549038774845227"
"05/11/2021";"Southampton";"Aston Villa";"0,0555555555555556";"0,0606060606060606";"0,0556627435847965"
"06/11/2021";"Man United";"Man City";"0,0510311924389286";"0,0570175438596490";"0,0554865424430642"
"06/11/2021";"Brentford";"Norwich";"0,0568181818181819";"0,0584730090703613";"0,0520072848206510"
"06/11/2021";"Chelsea";"Burnley";"0,0550595238095237";"0,0508361204013379";"0,0453416149068324"
"06/11/2021";"Crystal Palace";"Wolves";"0,0514809009157662";"0,0597826086956523";"0,0525065336184367"
"06/11/2021";"Brighton";"Newcastle";"0,0583566760037348";"0,0489130434782608";"0,0510366826156301"
"07/11/2021";"Arsenal";"Watford";"0,0588169140800718";"0,0546230381312842";"0,0562672837067555"
"07/11/2021";"Everton";"Tottenham";"0,0516934046345812";"0,0652680652680653";"0,0551670551670551"
"07/11/2021";"Leeds";"Leicester";"0,0520090596426472";"0,0636330003699594";"0,0534932176723220"
"07/11/2021";"West Ham";"Liverpool";"0,0534262485481998";"0,0623422310542994";"0,0495290374898634"
"20/11/2021";"Leicester";"Chelsea";"0,0549019607843138";"0,0558124598587026";"0,0517103115989639"
"20/11/2021";"Aston Villa";"Brighton";"0,0560211545433220";"0,0645245559038663";"0,0445269016697587"
"20/11/2021";"Burnley";"Crystal Palace";"0,0513222464558343";"0,0626780626780628";"0,0491164158118429"
"20/11/2021";"Newcastle";"Brentford";"0,0556118999323867";"0,0560915222402461";"0,0514983141995862"
"20/11/2021";"Norwich";"Southampton";"0,0592334494773519";"0,0634920634920635";"0,0533515731874146"
"20/11/2021";"Watford";"Man United";"0,0657235484821692";"0,0533631618195378";"0,0463470610735688"
"20/11/2021";"Wolves";"West Ham";"0,0522138811236401";"0,0570215734313324";"0,0567076292882744"
"20/11/2021";"Liverpool";"Arsenal";"0,0511060259344012";"0,0552721088435375";"0,0546915929081533"
"21/11/2021";"Man City";"Everton";"0,0538461538461539";"0,0477094063431824";"0,0504413619167718"
"21/11/2021";"Tottenham";"Leeds";"0,0536093418259023";"0,0568181818181819";"0,0568181818181819"
"27/11/2021";"Arsenal";"Newcastle";"0,0555555555555556";"0,0576634131913634";"0,0488888888888888"
"27/11/2021";"Crystal Palace";"Aston Villa";"0,0505050505050504";"0,0606060606060606";"0,0507503888425367"
"27/11/2021";"Liverpool";"Southampton";"0,0575757575757576";"0,0455088519604649";"0,0470085470085468"
"27/11/2021";"Norwich";"Wolves";"0,0538608678143562";"0,0649350649350651";"0,0527597402597402"
"27/11/2021";"Brighton";"Leeds";"0,0622642291588940";"0,0649350649350651";"0,0534788142201026"
"28/11/2021";"Brentford";"Everton";"0,0585228724763609";"0,0711768851303736";"0,0517598343685299"
"28/11/2021";"Leicester";"Watford";"0,0596946912736387";"0,0562865497076022";"0,0440260786755549"
"28/11/2021";"Man City";"West Ham";"0,0575757575757576";"0,0479166666666666";"0,0446479516147438"
"28/11/2021";"Chelsea";"Man United";"0,0574409250879839";"0,0571695718960794";"0,0475117808502925"
"30/11/2021";"Newcastle";"Norwich";"0,0523809523809524";"0,0592334494773521";"0,0490889985923590"
"30/11/2021";"Leeds";"Crystal Palace";"0,0563554092965859";"0,0622642291588940";"0,0487355953905251"
"01/12/2021";"Southampton";"Leicester";"0,0527393753200205";"0,0598290598290598";"0,0514809009157660"
"01/12/2021";"Watford";"Chelsea";"0,0534670008354219";"0,0533151059466848";"0,0563121089436878"
"01/12/2021";"West Ham";"Brighton";"0,0569381598793364";"0,0594405594405594";"0,0582477224268270"
"01/12/2021";"Wolves";"Burnley";"0,0585286746277458";"0,0592602561514479";"0,0561216758845366"
"01/12/2021";"Aston Villa";"Man City";"0,0634591974880261";"0,0595238095238095";"0,0416920036485255"
"01/12/2021";"Everton";"Liverpool";"0,0602941176470588";"0,0488639900404606";"0,0516513056835639"
"02/12/2021";"Tottenham";"Brentford";"0,0593464506507986";"0,0603833794017843";"0,0524364804226134"
"02/12/2021";"Man United";"Arsenal";"0,0560224089635855";"0,0676368108218899";"0,0512969415408442"
"04/12/2021";"West Ham";"Chelsea";"0,0486215538847117";"0,0526333260305258";"0,0507246376811594"
"04/12/2021";"Newcastle";"Burnley";"0,0622335890878090";"0,0611427366645583";"0,0556118999323867"
"04/12/2021";"Southampton";"Brighton";"0,0556280855258038";"0,0671022185926227";"0,0529528950581581"
"04/12/2021";"Wolves";"Liverpool";"0,0529411764705880";"0,0522167487684730";"0,0454031977754605"
"04/12/2021";"Watford";"Man City";"0,0595238095238095";"0,0435897435897437";"0,0511536126290224"
"05/12/2021";"Leeds";"Brentford";"0,0543845953682018";"0,0624375624375624";"0,0540357987166498"
"05/12/2021";"Man United";"Crystal Palace";"0,0514597027299106";"0,0561910495685332";"0,0475341651812240"
"05/12/2021";"Tottenham";"Norwich";"0,0595238095238095";"0,0603523822701906";"0,0420875420875420"
"05/12/2021";"Aston Villa";"Leicester";"0,0516934046345812";"0,0606060606060606";"0,0520928347015304"
"06/12/2021";"Everton";"Arsenal";"0,0512969415408440";"0,0634920634920635";"0,0519982640943701"
"10/12/2021";"Brentford";"Watford";"0,0596256240855544";"0,0592334494773521";"0,0478578892371997"
"11/12/2021";"Man City";"Wolves";"0,0548245614035088";"0,0462331127653708";"0,0439814814814814"
"11/12/2021";"Arsenal";"Southampton";"0,0603174603174601";"0,0560606060606061";"0,0566671607134035"
"11/12/2021";"Chelsea";"Leeds";"0,0641025641025641";"0,0510489510489511";"0,0419580419580419"
"11/12/2021";"Liverpool";"Aston Villa";"0,0568516183270282";"0,0552380952380953";"0,0509090909090910"
"11/12/2021";"Norwich";"Man United";"0,0595238095238095";"0,0561689650432950";"0,0499036196187621"
"12/12/2021";"Burnley";"West Ham";"0,0560224089635852";"0,0606060606060606";"0,0534788142201026"
"12/12/2021";"Leicester";"Newcastle";"0,0487616099071206";"0,0557644110275688";"0,0518658556633240"
"12/12/2021";"Crystal Palace";"Everton";"0,0553571428571429";"0,0646367521367521";"0,0536959128508425"
"14/12/2021";"Norwich";"Aston Villa";"0,0560224089635852";"0,0616605616605617";"0,0459243598778483"
"14/12/2021";"Man City";"Leeds";"0,0615067079463365";"0,0431763285024156";"0,0426744610887835"
"15/12/2021";"Brighton";"Wolves";"0,0448028673835124";"0,0619290160886086";"0,0552651955090979"
"15/12/2021";"Crystal Palace";"Southampton";"0,0569381598793364";"0,0623260468461706";"0,0494910494910494"
"15/12/2021";"Arsenal";"West Ham";"0,0555555555555556";"0,0597003028853820";"0,0511851597389215"
"16/12/2021";"Chelsea";"Everton";"0,0539353599121664";"0,0504469987228608";"0,0433333333333334"
"16/12/2021";"Liverpool";"Newcastle";"0,0537831064146854";"0,0384615384615385";"0,0463328941589811"
"18/12/2021";"Leeds";"Arsenal";"0,0583657478525161";"0,0554966419229408";"0,0535714285714286"
"19/12/2021";"Newcastle";"Man City";"0,0596310596310596";"0,0430754103320474";"0,0398438551622022"
"19/12/2021";"Wolves";"Chelsea";"0,0573311777142147";"0,0575858250276855";"0,0476190476190474"
"19/12/2021";"Tottenham";"Liverpool";"0,0568383933680807";"0,0565318386103115";"0,0495290374898634"
"26/12/2021";"Man City";"Leicester";"0,0516806722689074";"0,0442732140525011";"0,0473415473415475"
"26/12/2021";"Norwich";"Arsenal";"0,0427350427350426";"0,0511405445180280";"0,0424836601307188"
"26/12/2021";"Tottenham";"Crystal Palace";"0,0513931888544892";"0,0529788838612368";"0,0453781512605043"
"26/12/2021";"West Ham";"Southampton";"0,0561403508771929";"0,0539226855016328";"0,0503385503385503"
"26/12/2021";"Aston Villa";"Chelsea";"0,0596946912736387";"0,0585055643879173";"0,0523865850042564"
"26/12/2021";"Brighton";"Brentford";"0,0513803187495978";"0,0602929747210774";"0,0508405989037266"
"27/12/2021";"Newcastle";"Man United";"0,0540276420494208";"0,0507984246330111";"0,0497300369423130"
"28/12/2021";"Crystal Palace";"Norwich";"0,0575858250276855";"0,0609857978279029";"0,0571428571428572"
"28/12/2021";"Southampton";"Tottenham";"0,0523809523809524";"0,0643879173290938";"0,0449682091473136"
"28/12/2021";"Watford";"West Ham";"0,0572649572649575";"0,0634920634920635";"0,0442807259890259"
"28/12/2021";"Leicester";"Liverpool";"0,0590277777777777";"0,0504428904428904";"0,0479871175523350"
"29/12/2021";"Chelsea";"Brighton";"0,0571428571428569";"0,0543372319688109";"0,0482637929446441"
"29/12/2021";"Brentford";"Man City";"0,0627917833800187";"0,0473415473415475";"0,0547008547008547"
"30/12/2021";"Man United";"Burnley";"0,0602941176470588";"0,0518518518518518";"0,0560839297970390"
"01/01/2022";"Arsenal";"Man City";"0,0535714285714286";"0,0535714285714286";"0,0582963784183297"
"01/01/2022";"Watford";"Tottenham";"0,0568181818181819";"0,0568244358833241";"0,0392175533579096"
"01/01/2022";"Crystal Palace";"West Ham";"0,0533515731874146";"0,0606060606060606";"0,0506442148233193"
"02/01/2022";"Brentford";"Aston Villa";"0,0569920275802631";"0,0588235294117649";"0,0529528950581581"
"02/01/2022";"Everton";"Brighton";"0,0559139784946237";"0,0615690168818270";"0,0491164158118429"
"02/01/2022";"Leeds";"Burnley";"0,0634920634920635";"0,0559845559845560";"0,0555555555555556"
"02/01/2022";"Chelsea";"Liverpool";"0,0560846560846562";"0,0633484162895928";"0,0532244438186427"
"03/01/2022";"Man United";"Wolves";"0,0466403162055338";"0,0595524956970741";"0,0440260786755549"
"11/01/2022";"Southampton";"Brentford";"0,0616605616605617";"0,0649350649350651";"0,0448232323232323"
"12/01/2022";"West Ham";"Norwich";"0,0602941176470588";"0,0508865248226951";"0,0505692780087497"
"14/01/2022";"Brighton";"Crystal Palace";"0,0539930758159257";"0,0580808080808082";"0,0541530541530542"
"15/01/2022";"Man City";"Chelsea";"0,0535714285714286";"0,0592132505175982";"0,0424431426477967"
"15/01/2022";"Newcastle";"Watford";"0,0496603325094878";"0,0551727474265618";"0,0512099921935987"
"15/01/2022";"Norwich";"Everton";"0,0538608678143562";"0,0598290598290598";"0,0505050505050506"
"15/01/2022";"Wolves";"Southampton";"0,0583045646336784";"0,0625000000000000";"0,0485321177651388"
"15/01/2022";"Aston Villa";"Man United";"0,0493506493506493";"0,0551362683438157";"0,0543006890680289"
"16/01/2022";"Liverpool";"Brentford";"0,0568516183270282";"0,0536231884057972";"0,0449773323789071"
"16/01/2022";"West Ham";"Leeds";"0,0592132505175982";"0,0582963784183297";"0,0542889376526452"
"18/01/2022";"Brighton";"Chelsea";"0,0706636068081852";"0,0631560993006777";"0,0489817548641078"
"19/01/2022";"Leicester";"Tottenham";"0,0527393753200205";"0,0611631016042782";"0,0552732291862728"
"19/01/2022";"Brentford";"Man United";"0,0519777705132396";"0,0555555555555556";"0,0484770484770483"
"21/01/2022";"Watford";"Norwich";"0,0523809523809524";"0,0590703875405267";"0,0516325532522748"
"22/01/2022";"Everton";"Aston Villa";"0,0461674067421709";"0,0601731601731603";"0,0507591639667111"
"22/01/2022";"Brentford";"Wolves";"0,0522138811236401";"0,0603935568872456";"0,0514830508474575"
"22/01/2022";"Leeds";"Newcastle";"0,0493927125506073";"0,0597439544807965";"0,0424663056242003"
"22/01/2022";"Man United";"West Ham";"0,0512969415408442";"0,0559845559845558";"0,0480859010270775"
"22/01/2022";"Southampton";"Man City";"0,0575757575757576";"0,0493063367079114";"0,0513449398898316"
"23/01/2022";"Arsenal";"Burnley";"0,0626352813852813";"0,0575757575757576";"0,0563121089436880"
"23/01/2022";"Crystal Palace";"Liverpool";"0,0571695718960796";"0,0557303960136375";"0,0489509567327346"
"23/01/2022";"Leicester";"Brighton";"0,0512605042016807";"0,0655575361457714";"0,0518289476451903"
"23/01/2022";"Chelsea";"Tottenham";"0,0549019607843138";"0,0584795321637426";"0,0523865850042564"
"05/02/2022";"Burnley";"Watford";"0,0505863645398530";"0,0633305647840530";"0,0536959128508425"
"08/02/2022";"Newcastle";"Everton";"0,0601731601731603";"0,0681290254460987";"0,0548386238458878"
"08/02/2022";"West Ham";"Watford";"0,0583566760037348";"0,0608557186374965";"0,0499231950844854"
"08/02/2022";"Burnley";"Man United";"0,0499231950844854";"0,0568244358833241";"0,0547581576618867"
"09/02/2022";"Man City";"Brentford";"0,0639500686229659";"0,0443791617704661";"0,0513911040226829"
"09/02/2022";"Norwich";"Crystal Palace";"0,0459243598778483";"0,0599747474747474";"0,0554519071310116"
"09/02/2022";"Tottenham";"Southampton";"0,0615942028985508";"0,0629767728252317";"0,0507206208425721"
"09/02/2022";"Aston Villa";"Leeds";"0,0537561853351329";"0,0606207967263543";"0,0568629922394079"
"10/02/2022";"Liverpool";"Leicester";"0,0672378468988639";"0,0481127999685793";"0,0474015748031495"
"10/02/2022";"Wolves";"Arsenal";"0,0503048780487805";"0,0654747020088355";"0,0540034377485312"
"12/02/2022";"Man United";"Southampton";"0,0584546969371811";"0,0591648973814578";"0,0540446777380574"
"12/02/2022";"Brentford";"Crystal Palace";"0,0559139784946237";"0,0580732227591310";"0,0496748747468287"
"12/02/2022";"Everton";"Leeds";"0,0545500251382605";"0,0552296390254217";"0,0532581453634084"
"12/02/2022";"Watford";"Brighton";"0,0569381598793366";"0,0586550804779302";"0,0541530541530539"
"12/02/2022";"Norwich";"Man City";"0,0474576271186442";"0,0498599439775911";"0,0481481481481483"
"13/02/2022";"Burnley";"Liverpool";"0,0705128205128205";"0,0488888888888890";"0,0449773323789071"
"13/02/2022";"Newcastle";"Aston Villa";"0,0588235294117649";"0,0577540106951870";"0,0543006890680289"
"13/02/2022";"Tottenham";"Wolves";"0,0508944870390655";"0,0550655919076970";"0,0517436167808993"
"13/02/2022";"Leicester";"West Ham";"0,0556118999323869";"0,0594237695078030";"0,0488955307523466"
"15/02/2022";"Man United";"Brighton";"0,0597326649958227";"0,0634920634920635";"0,0461011684139927"
"19/02/2022";"West Ham";"Newcastle";"0,0529361942405420";"0,0553232998885171";"0,0456888420960277"
"19/02/2022";"Arsenal";"Brentford";"0,0583333333333333";"0,0581531758002347";"0,0554177005789911"
"19/02/2022";"Aston Villa";"Watford";"0,0548245614035088";"0,0634969325153374";"0,0519669521716062"
"19/02/2022";"Brighton";"Burnley";"0,0505050505050506";"0,0622600271723079";"0,0399038589222638"
"19/02/2022";"Crystal Palace";"Chelsea";"0,0545454545454547";"0,0631560993006777";"0,0526840873335637"
"19/02/2022";"Liverpool";"Norwich";"0,0569438301636442";"0,0446255972571763";"0,0474465148378191"
"19/02/2022";"Southampton";"Everton";"0,0555555555555556";"0,0644257703081232";"0,0448264239973037"
"19/02/2022";"Man City";"Tottenham";"0,0551630434782608";"0,0539772727272727";"0,0566416040100250"
"20/02/2022";"Leeds";"Man United";"0,0510311924389286";"0,0620680489101542";"0,0539585342645754"
"20/02/2022";"Wolves";"Leicester";"0,0448232323232323";"0,0700757575757576";"0,0536959128508425"
"23/02/2022";"Burnley";"Tottenham";"0,0464480874316939";"0,0574642439049218";"0,0535275535275535"
"23/02/2022";"Watford";"Crystal Palace";"0,0556280855258038";"0,0595650941132848";"0,0442103938725118"
"23/02/2022";"Liverpool";"Leeds";"0,0577140373750544";"0,0479184566117317";"0,0545977011494252"
"24/02/2022";"Arsenal";"Wolves";"0,0728088336783990";"0,0576802462638684";"0,0497079363628750"
"25/02/2022";"Southampton";"Norwich";"0,0547345374931583";"0,0555555555555556";"0,0489509567327344"
"26/02/2022";"Leeds";"Tottenham";"0,0572649572649575";"0,0608685608685611";"0,0520586576424140"
"26/02/2022";"Brentford";"Newcastle";"0,0527393753200203";"0,0606125600549072";"0,0485321177651388"
"26/02/2022";"Crystal Palace";"Burnley";"0,0515683147262096";"0,0600118835412951";"0,0422145565080774"
"26/02/2022";"Man United";"Watford";"0,0686274509803921";"0,0584294227582074";"0,0524290524290523"
"26/02/2022";"Brighton";"Aston Villa";"0,0533515731874146";"0,0606060606060606";"0,0527597402597402"
"26/02/2022";"Everton";"Man City";"0,0500000000000000";"0,0500000000000000";"0,0509090909090910"
"27/02/2022";"West Ham";"Wolves";"0,0467976980679061";"0,0619309148720912";"0,0438861150419638"
"01/03/2022";"Burnley";"Leicester";"0,0525198938992042";"0,0620707613188816";"0,0507263634198618"
"05/03/2022";"Leicester";"Leeds";"0,0433604336043363";"0,0643879173290938";"0,0530129672006101"
"05/03/2022";"Aston Villa";"Southampton";"0,0654747020088355";"0,0527597402597402";"0,0472183263207107"
"05/03/2022";"Burnley";"Chelsea";"0,0726817042606516";"0,0564102564102564";"0,0476190476190474"
"05/03/2022";"Newcastle";"Brighton";"0,0532407407407407";"0,0556280855258038";"0,0573118232812977"
"05/03/2022";"Norwich";"Brentford";"0,0618279569892473";"0,0640772438007460";"0,0534924352254562"
"05/03/2022";"Wolves";"Crystal Palace";"0,0514809009157662";"0,0639542821478027";"0,0543700382048427"
"05/03/2022";"Liverpool";"West Ham";"0,0458626073380171";"0,0498378562894692";"0,0540682414698161"
"06/03/2022";"Watford";"Arsenal";"0,0586080586080586";"0,0603468937243772";"0,0513433641123742"
"06/03/2022";"Man City";"Man United";"0,0793650793650793";"0,0589592653637863";"0,0461366538952745"
"07/03/2022";"Tottenham";"Everton";"0,0619195046439629";"0,0529470529470530";"0,0518362428390076"
"10/03/2022";"Norwich";"Chelsea";"0,0634674922600618";"0,0543372319688109";"0,0525460549183177"
"10/03/2022";"Southampton";"Newcastle";"0,0540935672514620";"0,0585688820982937";"0,0485891917742707"
"10/03/2022";"Wolves";"Watford";"0,0585286746277458";"0,0585286746277458";"0,0450333979745745"
"10/03/2022";"Leeds";"Aston Villa";"0,0595238095238095";"0,0642479213907785";"0,0510204081632653"
"12/03/2022";"Brighton";"Liverpool";"0,0547345374931583";"0,0561689650432950";"0,0440579710144928"
"12/03/2022";"Brentford";"Burnley";"0,0586550804779302";"0,0616605616605617";"0,0553571428571429"
"12/03/2022";"Man United";"Tottenham";"0,0527393753200205";"0,0594799452573955";"0,0487203206907185"
"13/03/2022";"Chelsea";"Newcastle";"0,0581453634085214";"0,0506180733162831";"0,0416920036485255"
"13/03/2022";"Everton";"Wolves";"0,0555555555555554";"0,0628403854210307";"0,0443416019997391"
"13/03/2022";"Leeds";"Norwich";"0,0560606060606061";"0,0568244358833241";"0,0420683610867660"
"13/03/2022";"Southampton";"Watford";"0,0510311924389286";"0,0568560950726555";"0,0560485848246675"
"13/03/2022";"West Ham";"Aston Villa";"0,0645245559038663";"0,0596463161535801";"0,0573275862068967"
"13/03/2022";"Arsenal";"Leicester";"0,0676691729323309";"0,0588169140800718";"0,0505692780087497"
"14/03/2022";"Crystal Palace";"Man City";"0,0534670008354219";"0,0504639978324188";"0,0518796992481203"
"16/03/2022";"Brighton";"Tottenham";"0,0560224089635852";"0,0560224089635852";"0,0531933819605053"
"16/03/2022";"Arsenal";"Liverpool";"0,0523809523809524";"0,0652014652014654";"0,0512969415408440"
"17/03/2022";"Everton";"Newcastle";"0,0469396195202647";"0,0666666666666667";"0,0466269841269842"
"18/03/2022";"Wolves";"Leeds";"0,0585228724763609";"0,0622642291588940";"0,0516934046345812"
"19/03/2022";"Aston Villa";"Arsenal";"0,0594237695078030";"0,0586326127998982";"0,0478578892371995"
"20/03/2022";"Leicester";"Brentford";"0,0480859010270773";"0,0649350649350651";"0,0580016545638387"
"20/03/2022";"Tottenham";"West Ham";"0,0453781512605043";"0,0585055643879173";"0,0487829814006528"
"02/04/2022";"Liverpool";"Watford";"0,0615067079463365";"0,0430213464696223";"0,0445652173913045"
"02/04/2022";"Brighton";"Norwich";"0,0476190476190474";"0,0590719740800740";"0,0551612903225807"
"02/04/2022";"Burnley";"Man City";"0,0575576873217527";"0,0499312070043778";"0,0538461538461539"
"02/04/2022";"Chelsea";"Brentford";"0,0541549953314659";"0,0525460549183177";"0,0493240774570698"
"02/04/2022";"Leeds";"Southampton";"0,0515873015873016";"0,0604525498142521";"0,0554996646545942"
"02/04/2022";"Wolves";"Aston Villa";"0,0559139784946237";"0,0627763041556144";"0,0512820512820511"
"02/04/2022";"Man United";"Leicester";"0,0584546969371811";"0,0535560034552263";"0,0478755620159181"
"03/04/2022";"West Ham";"Everton";"0,0486215538847117";"0,0593407503519863";"0,0490297224269223"
"03/04/2022";"Tottenham";"Newcastle";"0,0583566760037348";"0,0583566760037348";"0,0499231950844854"
"04/04/2022";"Crystal Palace";"Arsenal";"0,0569381598793366";"0,0644910644910646";"0,0460526004756074"
"06/04/2022";"Burnley";"Everton";"0,0533245556287030";"0,0533245556287030";"0,0504494976203067"
"08/04/2022";"Newcastle";"Wolves";"0,0562673950376029";"0,0627428127428127";"0,0478646604251609"
"09/04/2022";"Everton";"Man United";"0,0429824561403507";"0,0617394550205299";"0,0493927125506073"
"09/04/2022";"Arsenal";"Brighton";"0,0702760084925691";"0,0548654244306417";"0,0516666666666665"
"09/04/2022";"Southampton";"Chelsea";"0,0555555555555556";"0,0590703875405267";"0,0519604111153407"
"09/04/2022";"Watford";"Leeds";"0,0523300229182584";"0,0630727762803236";"0,0543006890680289"
"09/04/2022";"Aston Villa";"Tottenham";"0,0516934046345812";"0,0549038774845227";"0,0474308300395256"
"10/04/2022";"Brentford";"West Ham";"0,0739870816206694";"0,0643388869195320";"0,0534948542024014"
"10/04/2022";"Leicester";"Crystal Palace";"0,0625000000000000";"0,0601731601731603";"0,0514830508474575"
"10/04/2022";"Norwich";"Burnley";"0,0538302277432714";"0,0700553926360379";"0,0511428630852104"
"10/04/2022";"Man City";"Liverpool";"0,0426450742240216";"0,0625791594703511";"0,0555555555555556"
"16/04/2022";"Tottenham";"Brighton";"0,0715265923620176";"0,0555082857258620";"0,0539393939393940"
"16/04/2022";"Man United";"Norwich";"0,0479166666666666";"0,0540682414698161";"0,0526647326978864"
"16/04/2022";"Southampton";"Arsenal";"0,0561403508771929";"0,0605038236617186";"0,0524622487798820"
"16/04/2022";"Watford";"Brentford";"0,0596256240855544";"0,0561243634414366";"0,0466753585397655"
"17/04/2022";"Newcastle";"Leicester";"0,0634920634920635";"0,0559845559845560";"0,0559845559845560"
"17/04/2022";"West Ham";"Burnley";"0,0603174603174601";"0,0589111453518234";"0,0488990678238508"
"19/04/2022";"Liverpool";"Man United";"0,0542549238201411";"0,0530868385345997";"0,0426929392446633"
"20/04/2022";"Chelsea";"Arsenal";"0,0501253132832080";"0,0623211033047097";"0,0487290014723361"
"20/04/2022";"Everton";"Leicester";"0,0580160580160580";"0,0645245559038663";"0,0507263634198618"
"20/04/2022";"Newcastle";"Crystal Palace";"0,0606060606060606";"0,0611427366645583";"0,0514809009157662"
"20/04/2022";"Man City";"Brighton";"0,0504413619167718";"0,0492579520792686";"0,0511007025761125"
"21/04/2022";"Burnley";"Southampton";"0,0512820512820511";"0,0560915222402458";"0,0440251572327046"
"23/04/2022";"Arsenal";"Man United";"0,0555555555555556";"0,0634920634920635";"0,0517503805175039"
"23/04/2022";"Leicester";"Aston Villa";"0,0560211545433220";"0,0560211545433220";"0,0501766191838831"
"23/04/2022";"Man City";"Watford";"0,0525691699604742";"0,0388995062908106";"0,0435748462064252"
"23/04/2022";"Norwich";"Newcastle";"0,0516934046345812";"0,0669262338208987";"0,0516934046345812"
"23/04/2022";"Brentford";"Tottenham";"0,0619195046439629";"0,0588312681406689";"0,0541658085264809"
"24/04/2022";"Brighton";"Southampton";"0,0458874458874459";"0,0620300751879699";"0,0442807259890257"
"24/04/2022";"Burnley";"Wolves";"0,0533245556287030";"0,0615690168818273";"0,0533590485374478"
"24/04/2022";"Chelsea";"West Ham";"0,0498120300751879";"0,0554158283031523";"0,0516513056835639"
"24/04/2022";"Liverpool";"Everton";"0,0569814366424537";"0,0496957403651115";"0,0476190476190477"
"25/04/2022";"Crystal Palace";"Leeds";"0,0524828001912243";"0,0679271708683473";"0,0541571802006915"
"28/04/2022";"Man United";"Chelsea";"0,0512969415408440";"0,0686129588568614";"0,0552093046081366"
"30/04/2022";"Newcastle";"Liverpool";"0,0512083201255868";"0,0555082857258620";"0,0473729543496986"
"30/04/2022";"Aston Villa";"Norwich";"0,0424590888987173";"0,0526841579473158";"0,0455650671167913"
"30/04/2022";"Southampton";"Crystal Palace";"0,0640772438007460";"0,0640772438007460";"0,0482042279277302"
"30/04/2022";"Watford";"Burnley";"0,0455474403645135";"0,0643388869195320";"0,0580732227591310"
"30/04/2022";"Wolves";"Brighton";"0,0370370370370370";"0,0593411428257165";"0,0496748747468287"
"01/05/2022";"West Ham";"Arsenal";"0,0436507936507937";"0,0589111453518232";"0,0485905433907763"
"02/05/2022";"Man United";"Brentford";"0,0667754657962738";"0,0487616099071206";"0,0571512679254804"
"07/05/2022";"Brentford";"Southampton";"0,0560224089635852";"0,0560224089635855";"0,0515888818094934"
"07/05/2022";"Burnley";"Aston Villa";"0,0458333333333334";"0,0640772438007460";"0,0504494976203067"
"07/05/2022";"Chelsea";"Wolves";"0,0498120300751879";"0,0511628974332496";"0,0482637929446441"
"07/05/2022";"Crystal Palace";"Watford";"0,0560437237672495";"0,0559845559845560";"0,0472872436944294"
"07/05/2022";"Brighton";"Man United";"0,0507129681140748";"0,0618955512572534";"0,0530303030303030"
"07/05/2022";"Liverpool";"Tottenham";"0,0586080586080586";"0,0531468531468531";"0,0474488474488475"
"08/05/2022";"Arsenal";"Leeds";"0,0576351752822342";"0,0598652045128958";"0,0475341651812240"
"08/05/2022";"Leicester";"Everton";"0,0626780626780628";"0,0559440559440558";"0,0554211686287158"
"08/05/2022";"Norwich";"West Ham";"0,0667754657962736";"0,0557644110275688";"0,0497331844130056"
"08/05/2022";"Man City";"Newcastle";"0,0620689655172415";"0,0474576271186442";"0,0500000000000000"
"10/05/2022";"Aston Villa";"Liverpool";"0,0488888888888890";"0,0511405445180280";"0,0555555555555554"
"11/05/2022";"Leeds";"Chelsea";"0,0487616099071206";"0,0674603174603174";"0,0510381675673046"
"11/05/2022";"Leicester";"Norwich";"0,0513449398898316";"0,0524290524290523";"0,0513449398898316"
"11/05/2022";"Watford";"Everton";"0,0545454545454547";"0,0544980906426691";"0,0508908472980329"
"11/05/2022";"Wolves";"Man City";"0,0551630434782608";"0,0493063367079114";"0,0461428335444083"
"12/05/2022";"Tottenham";"Arsenal";"0,0527597402597402";"0,0510620915032680";"0,0520928347015304"
"15/05/2022";"Tottenham";"Burnley";"0,0563121089436880";"0,0446570972886762";"0,0389610389610389"
"15/05/2022";"Aston Villa";"Crystal Palace";"0,0634920634920635";"0,0543845953682018";"0,0554109555494917"
"15/05/2022";"Leeds";"Brighton";"0,0574764256847777";"0,0560915222402461";"0,0434173669467788"
"15/05/2022";"Watford";"Leicester";"0,0378787878787878";"0,0516483516483517";"0,0529788838612368"
"15/05/2022";"West Ham";"Man City";"0,0476190476190477";"0,0573554949144133";"0,0426929392446633"
"15/05/2022";"Wolves";"Norwich";"0,0412965560230636";"0,0656030528153289";"0,0547805419928182"
"15/05/2022";"Everton";"Brentford";"0,0643500643500643";"0,0540935672514620";"0,0479960062758522"
"16/05/2022";"Newcastle";"Arsenal";"0,0512099921935987";"0,0542124542124540";"0,0508611955420466"
"17/05/2022";"Southampton";"Liverpool";"0,0482905982905983";"0,0493039764849426";"0,0461366538952745"
"19/05/2022";"Everton";"Crystal Palace";"0,0572017084719163";"0,0600118835412951";"0,0455790297339593"
"19/05/2022";"Aston Villa";"Burnley";"0,0616926932716406";"0,0611054513493539";"0,0560224089635852"
"19/05/2022";"Chelsea";"Leicester";"0,0498120300751879";"0,0531189083820662";"0,0500253369818588"
"22/05/2022";"Arsenal";"Everton";"0,0600029485478402";"0,0492989597467210";"0,0455026455026455"
"22/05/2022";"Brentford";"Leeds";"0,0550833605753516";"0,0621957361087797";"0,0505733005733005"
"22/05/2022";"Brighton";"West Ham";"0,0604124209871852";"0,0633484162895928";"0,0518289476451905"
"22/05/2022";"Burnley";"Newcastle";"0,0560211545433220";"0,0596463161535801";"0,0475184144114569"
"22/05/2022";"Chelsea";"Watford";"0,0531135531135531";"0,0476190476190477";"0,0447433562187660"
"22/05/2022";"Crystal Palace";"Man United";"0,0560846560846562";"0,0659172760013096";"0,0455047899778924"
"22/05/2022";"Leicester";"Southampton";"0,0592297104999182";"0,0559704879345444";"0,0486880597110466"
"22/05/2022";"Liverpool";"Wolves";"0,0627917833800187";"0,0598475271041643";"0,0533887468030692"
"22/05/2022";"Man City";"Aston Villa";"0,0577140373750544";"0,0438861985472156";"0,0533887468030692"
"22/05/2022";"Norwich";"Tottenham";"0,0600029485478402";"0,0504401183388727";"0,0433333333333334"
