"Ranking";"Equipo";"Prob_anotar_pct"
"1";"Liverpool";"94,74"
"2";"Chelsea";"88,89"
"3";"Leicester";"88,89"
"4";"Man City";"88,89"
"5";"Brighton";"78,95"
"6";"Man United";"78,95"
"7";"Aston Villa";"73,68"
"8";"Brentford";"68,42"
"9";"Newcastle";"68,42"
"10";"Southampton";"68,42"
"11";"Tottenham";"68,42"
"12";"Crystal Palace";"63,16"
"13";"Everton";"63,16"
"14";"Leeds";"63,16"
"15";"Wolves";"63,16"
"16";"Arsenal";"57,89"
"17";"Burnley";"57,89"
"18";"West Ham";"57,89"
"19";"Watford";"47,37"
"20";"Norwich";"36,84"
