"casa";"resultado";"intervalo";"n";"prob_media";"freq_real";"diferencia"
"B365";"Local";"[0,0.1]";"9";"0,0741";"0,0000";"0,0741"
"B365";"Local";"(0.1,0.2]";"40";"0,1549";"0,0750";"0,0799"
"B365";"Local";"(0.2,0.3]";"48";"0,2553";"0,2917";"-0,0364"
"B365";"Local";"(0.3,0.4]";"61";"0,3533";"0,2295";"0,1238"
"B365";"Local";"(0.4,0.5]";"73";"0,4558";"0,5616";"-0,1058"
"B365";"Local";"(0.5,0.6]";"45";"0,5518";"0,5111";"0,0407"
"B365";"Local";"(0.6,0.7]";"40";"0,6388";"0,4750";"0,1638"
"B365";"Local";"(0.7,0.8]";"33";"0,7487";"0,6667";"0,0820"
"B365";"Local";"(0.8,0.9]";"24";"0,8549";"0,8750";"-0,0201"
"B365";"Local";"(0.9,1]";"4";"0,9134";"1,0000";"-0,0866"
"B365";"Empate";"[0,0.1]";"3";"0,0970";"0,0000";"0,0970"
"B365";"Empate";"(0.1,0.2]";"67";"0,1613";"0,1791";"-0,0178"
"B365";"Empate";"(0.2,0.3]";"227";"0,2650";"0,2511";"0,0139"
"B365";"Empate";"(0.3,0.4]";"80";"0,3118";"0,2375";"0,0743"
"B365";"Visitante";"[0,0.1]";"38";"0,0717";"0,0526";"0,0191"
"B365";"Visitante";"(0.1,0.2]";"71";"0,1589";"0,1690";"-0,0101"
"B365";"Visitante";"(0.2,0.3]";"75";"0,2552";"0,2133";"0,0418"
"B365";"Visitante";"(0.3,0.4]";"72";"0,3534";"0,3194";"0,0339"
"B365";"Visitante";"(0.4,0.5]";"44";"0,4534";"0,5000";"-0,0466"
"B365";"Visitante";"(0.5,0.6]";"26";"0,5459";"0,5769";"-0,0310"
"B365";"Visitante";"(0.6,0.7]";"31";"0,6447";"0,7419";"-0,0972"
"B365";"Visitante";"(0.7,0.8]";"14";"0,7556";"0,6429";"0,1127"
"B365";"Visitante";"(0.8,0.9]";"5";"0,8538";"1,0000";"-0,1462"
"B365";"Visitante";"(0.9,1]";"1";"0,9009";"1,0000";"-0,0991"
"BW";"Local";"[0,0.1]";"9";"0,0796";"0,0000";"0,0796"
"BW";"Local";"(0.1,0.2]";"40";"0,1575";"0,0750";"0,0825"
"BW";"Local";"(0.2,0.3]";"44";"0,2539";"0,2955";"-0,0416"
"BW";"Local";"(0.3,0.4]";"66";"0,3537";"0,2576";"0,0962"
"BW";"Local";"(0.4,0.5]";"70";"0,4535";"0,5429";"-0,0894"
"BW";"Local";"(0.5,0.6]";"50";"0,5518";"0,5000";"0,0518"
"BW";"Local";"(0.6,0.7]";"42";"0,6463";"0,5000";"0,1463"
"BW";"Local";"(0.7,0.8]";"30";"0,7521";"0,7000";"0,0521"
"BW";"Local";"(0.8,0.9]";"23";"0,8511";"0,8696";"-0,0185"
"BW";"Local";"(0.9,1]";"3";"0,9036";"1,0000";"-0,0964"
"BW";"Empate";"[0,0.1]";"2";"0,0955";"0,0000";"0,0955"
"BW";"Empate";"(0.1,0.2]";"65";"0,1591";"0,1538";"0,0052"
"BW";"Empate";"(0.2,0.3]";"216";"0,2634";"0,2546";"0,0087"
"BW";"Empate";"(0.3,0.4]";"94";"0,3119";"0,2447";"0,0672"
"BW";"Visitante";"[0,0.1]";"38";"0,0724";"0,0526";"0,0197"
"BW";"Visitante";"(0.1,0.2]";"70";"0,1609";"0,1857";"-0,0248"
"BW";"Visitante";"(0.2,0.3]";"73";"0,2573";"0,1781";"0,0792"
"BW";"Visitante";"(0.3,0.4]";"73";"0,3506";"0,3288";"0,0218"
"BW";"Visitante";"(0.4,0.5]";"47";"0,4512";"0,5106";"-0,0595"
"BW";"Visitante";"(0.5,0.6]";"30";"0,5536";"0,6000";"-0,0464"
"BW";"Visitante";"(0.6,0.7]";"27";"0,6508";"0,7407";"-0,0899"
"BW";"Visitante";"(0.7,0.8]";"14";"0,7558";"0,6429";"0,1129"
"BW";"Visitante";"(0.8,0.9]";"5";"0,8453";"1,0000";"-0,1547"
"IW";"Local";"[0,0.1]";"10";"0,0778";"0,0000";"0,0778"
"IW";"Local";"(0.1,0.2]";"36";"0,1571";"0,0833";"0,0738"
"IW";"Local";"(0.2,0.3]";"50";"0,2537";"0,2600";"-0,0063"
"IW";"Local";"(0.3,0.4]";"67";"0,3538";"0,2687";"0,0851"
"IW";"Local";"(0.4,0.5]";"73";"0,4522";"0,5205";"-0,0683"
"IW";"Local";"(0.5,0.6]";"54";"0,5582";"0,5370";"0,0212"
"IW";"Local";"(0.6,0.7]";"34";"0,6495";"0,5588";"0,0907"
"IW";"Local";"(0.7,0.8]";"31";"0,7565";"0,6774";"0,0791"
"IW";"Local";"(0.8,0.9]";"21";"0,8522";"0,9048";"-0,0525"
"IW";"Local";"(0.9,1]";"1";"0,9091";"1,0000";"-0,0909"
"IW";"Empate";"(0.1,0.2]";"63";"0,1581";"0,1587";"-0,0006"
"IW";"Empate";"(0.2,0.3]";"223";"0,2649";"0,2735";"-0,0087"
"IW";"Empate";"(0.3,0.4]";"91";"0,3158";"0,1868";"0,1289"
"IW";"Visitante";"[0,0.1]";"34";"0,0725";"0,0294";"0,0431"
"IW";"Visitante";"(0.1,0.2]";"65";"0,1561";"0,1692";"-0,0131"
"IW";"Visitante";"(0.2,0.3]";"90";"0,2558";"0,2222";"0,0335"
"IW";"Visitante";"(0.3,0.4]";"68";"0,3545";"0,3382";"0,0163"
"IW";"Visitante";"(0.4,0.5]";"49";"0,4504";"0,4898";"-0,0394"
"IW";"Visitante";"(0.5,0.6]";"28";"0,5608";"0,5714";"-0,0106"
"IW";"Visitante";"(0.6,0.7]";"23";"0,6481";"0,7826";"-0,1345"
"IW";"Visitante";"(0.7,0.8]";"15";"0,7498";"0,6667";"0,0831"
"IW";"Visitante";"(0.8,0.9]";"5";"0,8421";"1,0000";"-0,1579"
