HomeTeam,AwayTeam,Date,FTHG,FTAG,FTR,HTHG,HTAG,HTR,B365CH,B365CD,B365CA,BWCH,BWCD,BWCA,IWCH,IWCD,IWCA,B365CAHH,B365CAHA,PCAHH,PCAHA
Brentford,Arsenal,13/08/2021,2,0,H,1,0,H,3.8,3.25,2.05,3.8,3.3,2.05,3.8,3.25,2.1,1.75,2.05,1.81,2.13
Man United,Leeds,14/08/2021,5,1,H,1,0,H,1.61,4.2,5.25,1.62,4.1,5.25,1.65,4.2,4.9,2.05,1.75,2.17,1.77
Burnley,Brighton,14/08/2021,1,2,A,1,0,H,3.1,3.1,2.45,3.25,3.1,2.4,3.1,3.05,2.45,1.79,2.15,1.81,2.14
Chelsea,Crystal Palace,14/08/2021,3,0,H,2,0,H,1.3,5.25,11,1.33,5,10,1.3,5.25,11,2.05,1.75,2.12,1.81
Everton,Southampton,14/08/2021,3,1,H,0,1,A,2,3.4,3.9,2.05,3.4,3.75,2,3.35,4,2.05,1.88,2.05,1.88
Leicester,Wolves,14/08/2021,1,0,H,1,0,H,1.7,3.75,5,1.72,3.7,5,1.73,3.7,4.9,2.02,1.91,2.01,1.92
Watford,Aston Villa,14/08/2021,3,2,H,2,0,H,3.4,3.3,2.2,3.4,3.3,2.2,3.35,3.15,2.3,2.02,1.91,2.04,1.89
Norwich,Liverpool,14/08/2021,0,3,A,0,1,A,6.5,4.75,1.44,6.75,4.75,1.45,6.5,5.25,1.43,1.85,2.08,1.85,2.09
Newcastle,West Ham,15/08/2021,2,4,A,2,1,H,3.3,3.4,2.2,3.3,3.4,2.2,3.3,3.45,2.2,2.01,1.92,2.02,1.91
Tottenham,Man City,15/08/2021,1,0,H,0,0,D,6,4.1,1.55,6,4.2,1.55,5.5,3.95,1.63,1.84,2.09,1.87,2.06
Liverpool,Burnley,21/08/2021,2,0,H,1,0,H,1.25,6,11,1.25,6.25,11.5,1.25,6.5,11,1.95,1.98,1.95,1.95
Aston Villa,Newcastle,21/08/2021,2,0,H,1,0,H,1.8,3.8,4.33,1.83,3.75,4.2,1.83,3.85,4.1,1.85,2.08,1.87,2.06
Crystal Palace,Brentford,21/08/2021,0,0,D,0,0,D,2.6,3.2,2.8,2.6,3.2,2.8,2.65,3.05,2.9,1.85,2.08,1.86,2.07
Leeds,Everton,21/08/2021,2,2,D,1,1,D,2.05,3.5,3.6,2.1,3.5,3.5,2.05,3.5,3.55,1.86,2.07,1.85,2.08
Man City,Norwich,21/08/2021,5,0,H,2,0,H,1.1,9.5,23,1.12,9,21,1.15,8.5,19,2,1.8,2.07,1.85
Brighton,Watford,21/08/2021,2,0,H,2,0,H,1.7,3.6,5.25,1.7,3.5,5.75,1.75,3.5,5.25,2.02,1.91,2.01,1.92
Southampton,Man United,22/08/2021,1,1,D,1,0,H,5.25,4.33,1.6,5,4.1,1.65,5.25,4.3,1.6,1.89,2.04,1.88,2.05
Wolves,Tottenham,22/08/2021,0,1,A,0,1,A,2.8,3.1,2.62,2.9,3.1,2.6,2.85,3,2.7,2.03,1.9,2.02,1.91
Arsenal,Chelsea,22/08/2021,0,2,A,0,2,A,4.5,3.5,1.85,4.33,3.5,1.87,4.4,3.45,1.9,2.02,1.91,2,1.93
West Ham,Leicester,23/08/2021,4,1,H,1,0,H,2.4,3.4,2.9,2.45,3.4,2.85,2.45,3.45,2.85,2.14,1.8,2.17,1.78
Man City,Arsenal,28/08/2021,5,0,H,3,0,H,1.33,5.25,9,1.36,5,8.5,1.35,5,8.75,2.02,1.77,2.14,1.79
Aston Villa,Brentford,28/08/2021,1,1,D,1,1,D,2,3.25,4,2.1,3.3,3.7,2.05,3.25,3.85,2.09,1.84,2.1,1.84
Brighton,Everton,28/08/2021,0,2,A,0,1,A,2.25,3.25,3.3,2.3,3.2,3.3,2.3,3.15,3.35,1.99,1.94,1.99,1.93
Newcastle,Southampton,28/08/2021,2,2,D,0,0,D,2.4,3.5,2.9,2.4,3.5,2.85,2.45,3.5,2.8,2.05,1.75,2.16,1.78
Norwich,Leicester,28/08/2021,1,2,A,1,1,D,4.2,3.6,1.85,4,3.6,1.91,4.1,3.6,1.9,2.03,1.9,2.02,1.91
West Ham,Crystal Palace,28/08/2021,2,2,D,1,0,H,1.53,4,6.5,1.53,4.1,6.5,1.57,3.95,6,2.05,1.88,2.04,1.89
Liverpool,Chelsea,28/08/2021,1,1,D,1,1,D,2.45,3.3,2.9,2.4,3.3,3,2.4,3.25,3.05,2.1,1.83,2.11,1.83
Burnley,Leeds,29/08/2021,1,1,D,0,0,D,3.2,3.5,2.2,3.3,3.5,2.15,3.2,3.5,2.2,1.96,1.94,1.98,1.94
Tottenham,Watford,29/08/2021,1,0,H,1,0,H,1.4,4.5,8.5,1.45,4.4,7.25,1.5,4.4,6.25,2.09,1.84,2.11,1.81
Wolves,Man United,29/08/2021,0,1,A,0,0,D,4.75,3.75,1.75,4.75,3.7,1.75,5.25,3.5,1.75,1.91,2.02,1.9,2.03
Crystal Palace,Tottenham,11/09/2021,3,0,H,0,0,D,3.8,3.4,2.05,4.2,3.3,1.95,3.8,3.25,2.1,1.75,2.05,1.81,2.12
Arsenal,Norwich,11/09/2021,1,0,H,0,0,D,1.36,5,8,1.42,4.75,7.5,1.4,4.9,7.75,2.1,1.7,2.19,1.76
Brentford,Brighton,11/09/2021,0,1,A,0,0,D,3.1,3,2.55,2.9,3,2.7,3.05,2.95,2.6,2.13,1.81,2.12,1.83
Leicester,Man City,11/09/2021,0,1,A,0,0,D,5.25,4,1.61,5.5,3.75,1.65,5.25,4,1.65,1.75,2.05,1.81,2.12
Man United,Newcastle,11/09/2021,4,1,H,1,0,H,1.18,7,15,1.2,7,14,1.2,7,14,1.99,1.94,1.99,1.92
Southampton,West Ham,11/09/2021,0,0,D,0,0,D,3,3.5,2.3,2.95,3.5,2.35,3,3.5,2.3,1.9,2.03,1.89,2.03
Watford,Wolves,11/09/2021,0,2,A,0,0,D,3.6,3.1,2.15,3.4,3.2,2.25,3.5,3.15,2.25,1.98,1.95,1.99,1.93
Chelsea,Aston Villa,11/09/2021,3,0,H,1,0,H,1.33,5,9,1.3,5.5,10,1.35,5.25,8.5,2.01,1.92,2.02,1.9
Leeds,Liverpool,12/09/2021,0,3,A,0,1,A,4.5,4.33,1.66,4.75,4.2,1.65,4.7,4.3,1.65,2.09,1.84,2.11,1.83
Everton,Burnley,13/09/2021,3,1,H,0,0,D,1.75,3.5,5.25,1.75,3.5,5.25,1.8,3.5,4.8,2.05,1.88,2.05,1.88
Newcastle,Leeds,17/09/2021,1,1,D,1,1,D,3.1,3.6,2.2,3,3.7,2.25,3.05,3.65,2.25,1.96,1.97,1.98,1.94
Wolves,Brentford,18/09/2021,0,2,A,0,2,A,1.8,3.25,5,1.8,3.3,5.25,1.8,3.35,4.9,1.81,2.13,1.83,2.11
Burnley,Arsenal,18/09/2021,0,1,A,0,1,A,3.75,3.6,1.95,3.8,3.6,1.95,3.6,3.55,2.05,1.9,2.03,1.94,1.98
Liverpool,Crystal Palace,18/09/2021,3,0,H,1,0,H,1.28,5.75,10,1.25,6.25,11,1.27,6.25,10,2.02,1.77,2.1,1.83
Man City,Southampton,18/09/2021,0,0,D,0,0,D,1.14,8,17,1.19,7,15,1.17,8.25,14,1.87,2.06,1.87,2.04
Norwich,Watford,18/09/2021,1,3,A,1,1,D,2.25,3.3,3.3,2.15,3.4,3.4,2.3,3.25,3.25,2.04,1.89,2.05,1.88
Aston Villa,Everton,18/09/2021,3,0,H,0,0,D,2.1,3.4,3.5,2.15,3.3,3.6,2.25,3.2,3.35,1.88,2.05,1.87,2.06
Brighton,Leicester,19/09/2021,2,1,H,1,0,H,2.45,3.2,3,2.45,3.25,3,2.45,3.2,3,2.14,1.8,2.17,1.79
West Ham,Man United,19/09/2021,1,2,A,1,1,D,4.2,3.8,1.8,4.4,3.8,1.8,4.3,3.75,1.83,1.75,2.05,1.79,2.15
Tottenham,Chelsea,19/09/2021,0,3,A,0,0,D,4.33,3.4,1.85,4.4,3.4,1.9,4.1,3.4,1.95,1.89,2.04,1.89,2.04
Chelsea,Man City,25/09/2021,0,1,A,0,0,D,2.9,3.2,2.5,2.8,3.2,2.6,2.95,3,2.6,2.05,1.88,2.04,1.89
Man United,Aston Villa,25/09/2021,0,1,A,0,0,D,1.36,5,8,1.4,5,7.25,1.4,4.9,7.75,1.95,1.98,1.95,1.97
Everton,Norwich,25/09/2021,2,0,H,1,0,H,1.7,3.75,5.25,1.67,3.7,5.5,1.7,3.75,5.25,1.9,2.03,1.92,2.01
Leeds,West Ham,25/09/2021,1,2,A,1,0,H,2.9,3.6,2.3,2.8,3.6,2.4,2.9,3.55,2.35,1.86,2.07,1.88,2.06
Leicester,Burnley,25/09/2021,2,2,D,1,2,A,1.65,3.8,5.25,1.67,3.9,5.25,1.73,3.85,4.8,1.91,2.02,1.93,1.99
Watford,Newcastle,25/09/2021,1,1,D,0,1,A,2.05,3.5,3.5,2.1,3.5,3.5,2.15,3.4,3.5,1.85,2.08,1.86,2.07
Brentford,Liverpool,25/09/2021,3,3,D,1,1,D,7.5,5.25,1.36,7.25,5,1.4,7.75,4.9,1.4,2,1.93,2,1.93
Southampton,Wolves,26/09/2021,0,1,A,0,0,D,2.1,3.3,3.6,2.2,3.3,3.4,2.25,3.15,3.45,1.82,2.11,1.84,2.1
Arsenal,Tottenham,26/09/2021,3,1,H,3,0,H,2.15,3.4,3.4,2.1,3.4,3.6,2.15,3.25,3.55,1.95,1.98,1.93,2
Crystal Palace,Brighton,27/09/2021,1,1,D,1,0,H,2.8,3.1,2.7,2.75,3.1,2.75,2.9,3.05,2.65,2.05,1.88,2.04,1.89
Man United,Everton,02/10/2021,1,1,D,1,0,H,1.55,4,6.5,1.55,4.1,6.25,1.6,3.95,5.75,1.97,1.96,1.97,1.95
Burnley,Norwich,02/10/2021,0,0,D,0,0,D,1.9,3.6,4,1.91,3.6,4,1.95,3.5,3.9,1.98,1.95,1.99,1.93
Chelsea,Southampton,02/10/2021,3,1,H,1,0,H,1.4,4.75,8,1.42,4.5,8,1.37,4.9,8.25,2.02,1.91,2.02,1.9
Leeds,Watford,02/10/2021,1,0,H,1,0,H,1.72,3.8,4.75,1.72,4,4.5,1.75,3.95,4.3,2,1.93,1.99,1.93
Wolves,Newcastle,02/10/2021,2,1,H,1,1,D,1.7,3.75,5,1.75,3.75,4.75,1.77,3.7,4.6,2.07,1.86,2.08,1.85
Brighton,Arsenal,02/10/2021,0,0,D,0,0,D,3.2,3.25,2.3,3,3.2,2.45,3.25,3.25,2.3,1.91,2.02,1.91,2.01
Crystal Palace,Leicester,03/10/2021,2,2,D,0,2,A,2.8,3.25,2.62,2.8,3.3,2.55,2.85,3.15,2.6,2.03,1.9,2.02,1.91
Tottenham,Aston Villa,03/10/2021,2,1,H,1,0,H,2.05,3.4,3.7,2,3.5,3.75,2.1,3.35,3.55,1.84,2.09,1.84,2.1
West Ham,Brentford,03/10/2021,1,2,A,0,1,A,1.72,3.75,4.75,1.75,3.7,4.75,1.8,3.7,4.5,2.01,1.92,2,1.93
Liverpool,Man City,03/10/2021,2,2,D,0,0,D,2.9,3.6,2.3,3,3.6,2.3,2.9,3.4,2.45,1.87,2.06,1.88,2.06
Watford,Liverpool,16/10/2021,0,5,A,0,2,A,9,5.75,1.3,8,5.25,1.35,8,5.25,1.35,1.91,2.02,1.9,2.02
Aston Villa,Wolves,16/10/2021,2,3,A,0,0,D,2,3.25,4,2.15,3.3,3.5,2.1,3.15,3.8,1.84,2.09,1.84,2.1
Leicester,Man United,16/10/2021,4,2,H,1,1,D,3.6,3.75,1.95,3.75,3.5,2,3.5,3.75,2,1.94,1.99,1.93,1.99
Man City,Burnley,16/10/2021,2,0,H,1,0,H,1.12,9,19,1.13,8.5,21,1.15,8.75,18,1.94,1.99,1.93,1.97
Norwich,Brighton,16/10/2021,0,0,D,0,0,D,3.9,3.5,1.95,3.6,3.5,2.05,4,3.4,1.95,1.96,1.97,1.96,1.96
Southampton,Leeds,16/10/2021,1,0,H,0,0,D,2.1,3.6,3.3,2.4,3.5,2.9,2.1,3.55,3.35,1.82,2.11,1.84,2.1
Brentford,Chelsea,16/10/2021,0,1,A,0,1,A,5.75,3.9,1.6,7,3.95,1.52,5.25,3.85,1.65,2.03,1.9,2.03,1.89
Everton,West Ham,17/10/2021,0,1,A,0,0,D,2.8,3.2,2.6,2.45,3.5,2.75,2.85,3.25,2.55,2.06,1.87,2.07,1.86
Newcastle,Tottenham,17/10/2021,2,3,A,1,3,A,3.5,3.6,2.05,3.4,3.6,2,3.5,3.55,2.05,1.82,2.11,1.82,2.1
Arsenal,Crystal Palace,18/10/2021,2,2,D,1,0,H,1.57,4,6,1.62,3.9,5.75,1.63,3.95,5.5,2,1.8,2.14,1.81
Arsenal,Aston Villa,22/10/2021,3,1,H,2,0,H,1.85,3.75,4,1.9,3.5,4,1.95,3.6,3.85,2.03,1.9,2.04,1.89
Chelsea,Norwich,23/10/2021,7,0,H,3,0,H,1.22,6,15,1.14,8.25,23,1.22,6.25,16,2.03,1.9,1.96,1.94
Crystal Palace,Newcastle,23/10/2021,1,1,D,0,0,D,1.85,3.6,4.2,1.95,3.6,3.7,1.9,3.5,4.2,1.97,1.96,2,1.93
Everton,Watford,23/10/2021,2,5,A,1,1,D,1.75,3.6,4.75,1.6,4.1,5.25,1.8,3.6,4.6,2.1,1.83,2.11,1.82
Leeds,Wolves,23/10/2021,1,1,D,0,1,A,2.37,3.4,3,2.1,3.7,3.2,2.4,3.35,3,2.1,1.83,2.26,1.72
Southampton,Burnley,23/10/2021,2,2,D,1,1,D,1.9,3.6,4,1.95,3.5,3.8,1.95,3.6,3.8,2.03,1.9,2.09,1.85
Brighton,Man City,23/10/2021,1,4,A,0,3,A,8.5,4.75,1.36,6.5,5,1.43,8,4.7,1.4,1.95,1.98,1.95,1.97
Brentford,Leicester,24/10/2021,1,2,A,0,1,A,2.75,3.4,2.6,2.8,3.2,2.6,2.7,3.35,2.6,2.08,1.85,2.08,1.85
West Ham,Tottenham,24/10/2021,1,0,H,0,0,D,2.2,3.5,3.2,2.4,3.5,2.8,2.4,3.45,2.95,1.98,1.95,1.95,1.97
Man United,Liverpool,24/10/2021,0,5,A,0,4,A,2.9,3.6,2.3,3,3.5,2.25,2.95,3.5,2.35,1.88,2.05,1.89,2.04
Leicester,Arsenal,30/10/2021,0,2,A,0,2,A,2.45,3.5,2.8,2.5,3.5,2.65,2.5,3.45,2.8,1.85,2.05,1.85,2.09
Burnley,Brentford,30/10/2021,3,1,H,3,0,H,2.6,3.1,2.87,2.5,3.2,2.87,2.6,3.05,2.95,1.88,2.02,1.91,2.02
Liverpool,Brighton,30/10/2021,2,2,D,2,1,H,1.25,6,11,1.27,6.25,9.25,1.27,6,10,1.8,2,1.85,2.04
Man City,Crystal Palace,30/10/2021,0,2,A,0,1,A,1.12,9,19,1.16,7.75,18,1.15,8.25,19,1.94,1.96,1.93,1.97
Newcastle,Chelsea,30/10/2021,0,3,A,0,0,D,7.5,4.5,1.44,7.25,4.33,1.46,7,4.5,1.47,1.83,2.07,1.85,2.09
Watford,Southampton,30/10/2021,0,1,A,0,1,A,3.3,3.5,2.15,3.1,3.4,2.25,3.15,3.5,2.25,1.9,2,1.92,2.01
Tottenham,Man United,30/10/2021,0,3,A,0,1,A,3,3.6,2.25,2.9,3.6,2.3,3.15,3.4,2.3,1.94,1.96,1.94,1.97
Norwich,Leeds,31/10/2021,1,2,A,0,0,D,3.6,3.75,1.95,3.6,3.5,2,3.7,3.6,2,1.82,2.08,1.85,2.08
Aston Villa,West Ham,31/10/2021,1,4,A,1,2,A,2.9,3.5,2.37,2.8,3.6,2.35,3,3.45,2.35,1.79,2.11,1.78,2.16
Wolves,Everton,01/11/2021,2,1,H,2,0,H,2.15,3.2,3.6,2.15,3.2,3.6,2.2,3.1,3.6,1.95,1.95,1.94,1.98
Southampton,Aston Villa,05/11/2021,1,0,H,1,0,H,2,3.6,3.6,1.98,3.6,3.6,2,3.55,3.65,2.07,1.86,2.16,1.78
Man United,Man City,06/11/2021,0,2,A,0,2,A,4.75,4.2,1.66,4.5,4,1.71,4.6,3.75,1.75,2,1.93,2,1.93
Brentford,Norwich,06/11/2021,1,2,A,0,2,A,1.6,4,5.5,1.63,3.8,5.5,1.73,3.65,5,1.88,2.05,1.88,2.05
Chelsea,Burnley,06/11/2021,1,1,D,1,0,H,1.28,5.25,12,1.25,5.75,13,1.25,5.75,14,1.93,2,1.94,1.98
Crystal Palace,Wolves,06/11/2021,2,0,H,0,0,D,2.3,3.1,3.4,2.3,3.2,3.2,2.3,3.05,3.45,2,1.93,2,1.92
Brighton,Newcastle,06/11/2021,1,1,D,1,0,H,1.53,4.2,6,1.6,4,5.75,1.65,3.8,5.5,2.06,1.87,2.09,1.85
Arsenal,Watford,07/11/2021,1,0,H,0,0,D,1.44,4.75,6.5,1.43,4.6,7.25,1.45,4.7,6.5,2.07,1.86,2.08,1.86
Everton,Tottenham,07/11/2021,0,0,D,0,0,D,3.4,3.3,2.2,3.3,3.25,2.2,3.25,3.3,2.25,1.97,1.96,1.96,1.96
Leeds,Leicester,07/11/2021,1,1,D,1,1,D,2.6,3.5,2.62,2.55,3.4,2.65,2.6,3.35,2.7,1.94,1.99,1.94,1.98
West Ham,Liverpool,07/11/2021,3,2,H,1,1,D,4.2,4.1,1.75,4.33,4,1.72,4.6,4.1,1.7,1.98,1.95,1.98,1.94
Leicester,Chelsea,20/11/2021,0,3,A,0,2,A,5,3.75,1.7,5,3.6,1.73,4.7,3.65,1.77,1.91,1.99,1.91,2.01
Aston Villa,Brighton,20/11/2021,2,0,H,0,0,D,2.45,3.3,2.9,2.4,3.3,2.9,2.45,3.3,3,2.05,1.75,2.14,1.81
Burnley,Crystal Palace,20/11/2021,3,3,D,2,3,A,2.8,3.2,2.62,2.7,3.25,2.6,2.85,3.05,2.7,2,1.9,2.01,1.92
Newcastle,Brentford,20/11/2021,3,3,D,2,2,D,2.4,3.4,2.9,2.6,3.4,2.65,2.45,3.35,2.9,1.78,2.13,1.79,2.15
Norwich,Southampton,20/11/2021,2,1,H,1,1,D,3.5,3.5,2.05,3.6,3.5,2,3.4,3.4,2.15,2.06,1.84,2.04,1.89
Watford,Man United,20/11/2021,4,1,H,2,0,H,6.5,4.5,1.45,6.25,4.5,1.49,5.75,4.4,1.55,1.85,2.05,1.85,2.08
Wolves,West Ham,20/11/2021,1,0,H,0,0,D,3.1,3.25,2.37,3.1,3.2,2.37,3.1,3.15,2.4,1.81,2.09,1.84,2.1
Liverpool,Arsenal,20/11/2021,4,0,H,1,0,H,1.5,4.75,5.75,1.47,4.8,6,1.57,4.4,5.25,1.89,2.01,1.89,2.04
Man City,Everton,21/11/2021,3,0,H,1,0,H,1.2,6.5,15,1.19,7,15.5,1.22,6.5,13,2.02,1.77,2.13,1.79
Tottenham,Leeds,21/11/2021,2,1,H,0,1,A,1.57,4,6,1.6,4,5.5,1.6,4,5.5,2.08,1.82,2.1,1.84
Arsenal,Newcastle,27/11/2021,2,0,H,0,0,D,1.5,4.5,6,1.47,4.6,6.25,1.5,4.5,6.25,1.88,2.02,1.87,2.06
Crystal Palace,Aston Villa,27/11/2021,1,2,A,0,1,A,2.25,3.3,3.3,2.2,3.3,3.3,2.3,3.15,3.35,1.99,1.91,2.01,1.92
Liverpool,Southampton,27/11/2021,4,0,H,3,0,H,1.25,6,11,1.24,6.75,11,1.3,6,9,1.95,1.95,1.95,1.95
Norwich,Wolves,27/11/2021,0,0,D,0,0,D,3.5,3.3,2.15,3.5,3.3,2.1,3.5,3.2,2.2,1.99,1.91,2.01,1.92
Brighton,Leeds,27/11/2021,0,0,D,0,0,D,2.15,3.3,3.4,2.1,3.3,3.5,2.15,3.35,3.45,1.91,1.99,1.91,2.02
Brentford,Everton,28/11/2021,1,0,H,1,0,H,2.15,3.25,3.5,2.15,3.3,3.3,2.25,3.15,3.45,1.93,1.97,1.94,1.98
Leicester,Watford,28/11/2021,4,2,H,3,1,H,1.65,3.8,5.25,1.71,3.8,4.8,1.7,3.65,5.5,1.87,2.03,1.89,2.03
Man City,West Ham,28/11/2021,2,1,H,1,0,H,1.25,6,11,1.28,6,10,1.27,5.75,12,2.03,1.87,2.01,1.9
Chelsea,Man United,28/11/2021,1,1,D,0,0,D,1.53,4,6.5,1.55,4.2,5.75,1.57,4.1,6,2,1.9,1.99,1.93
Newcastle,Norwich,30/11/2021,1,1,D,0,0,D,2,3.5,3.75,2.05,3.5,3.5,2.15,3.4,3.45,1.87,2.03,1.8,2.13
Leeds,Crystal Palace,30/11/2021,1,0,H,0,0,D,2.2,3.4,3.25,2.15,3.3,3.4,2.2,3.2,3.55,1.86,2.04,1.93,2
Southampton,Leicester,01/12/2021,2,2,D,2,1,H,2.25,3.5,3.1,2.25,3.25,3.25,2.3,3.4,3.1,2.04,1.86,2.09,1.84
Watford,Chelsea,01/12/2021,1,2,A,1,1,D,9,5.25,1.33,9.5,5.25,1.32,9.5,5.5,1.3,1.89,2.01,1.92,2
West Ham,Brighton,01/12/2021,1,1,D,1,0,H,1.95,3.4,4,2,3.3,3.9,2,3.35,3.85,2.05,1.85,2.04,1.96
Wolves,Burnley,01/12/2021,0,0,D,0,0,D,1.9,3.4,4.2,1.93,3.3,4.2,1.97,3.35,4,1.91,1.99,1.88,2.04
Aston Villa,Man City,01/12/2021,1,2,A,0,2,A,7,4.33,1.45,7,4.5,1.44,8,4.6,1.43,1.82,2.08,1.85,2.09
Everton,Liverpool,01/12/2021,1,4,A,1,2,A,8,5,1.36,8.5,5.25,1.35,7.75,4.8,1.4,1.85,2.05,1.83,2.09
Tottenham,Brentford,02/12/2021,2,0,H,1,0,H,1.61,3.9,5.5,1.63,3.9,5.25,1.67,3.8,5.25,1.89,2.01,1.91,2.01
Man United,Arsenal,02/12/2021,3,2,H,1,1,D,2.1,3.5,3.4,2.05,3.5,3.4,2.05,3.5,3.6,1.77,2.14,1.81,2.11
West Ham,Chelsea,04/12/2021,3,2,H,1,2,A,4.75,3.75,1.75,4.6,3.7,1.77,4.6,3.6,1.8,1.83,2.07,1.85,2.08
Newcastle,Burnley,04/12/2021,1,0,H,1,0,H,2.3,3.4,3,2.25,3.4,3.1,2.4,3.4,2.9,2.06,1.84,2.08,1.85
Southampton,Brighton,04/12/2021,1,1,D,1,0,H,2.6,3.1,2.87,2.37,3.1,3.1,2.6,3.15,2.85,1.83,2.07,1.85,2.08
Wolves,Liverpool,04/12/2021,0,1,A,0,0,D,8.5,5,1.36,7.25,5,1.4,8,5.25,1.37,1.77,2.02,1.84,2.09
Watford,Man City,04/12/2021,1,3,A,0,2,A,12,7,1.2,13,7.5,1.2,12,6.75,1.22,1.81,2.09,1.83,2.09
Leeds,Brentford,05/12/2021,2,2,D,1,0,H,1.83,3.5,4.5,1.82,3.5,4.4,1.8,3.5,4.7,1.79,2.11,1.83,2.11
Man United,Crystal Palace,05/12/2021,1,0,H,0,0,D,1.5,4.33,6.5,1.51,4.4,6,1.53,4.4,6,1.88,2.02,1.91,2.01
Tottenham,Norwich,05/12/2021,3,0,H,1,0,H,1.44,4.5,7,1.46,4.4,6.75,1.5,4.4,6.75,1.8,2.1,1.83,2.11
Aston Villa,Leicester,05/12/2021,2,1,H,1,1,D,2.2,3.4,3.3,2.2,3.3,3.3,2.2,3.45,3.25,1.91,1.99,2.06,1.87
Everton,Arsenal,06/12/2021,2,1,H,0,1,A,3.6,3.5,2.05,3.6,3.5,2,3.55,3.4,2.1,1.65,2.2,1.81,2.16
Brentford,Watford,10/12/2021,2,1,H,0,1,A,2.45,3.3,2.87,2.05,3.5,3.5,2.5,3.3,2.9,1.83,2.07,1.88,2.03
Man City,Wolves,11/12/2021,1,0,H,0,0,D,1.14,8,19,1.17,7.75,16,1.2,6.75,16,1.98,1.92,1.95,1.95
Arsenal,Southampton,11/12/2021,3,0,H,2,0,H,1.75,3.75,4.5,1.65,4,5,1.73,3.9,4.5,1.94,1.96,1.96,1.95
Chelsea,Leeds,11/12/2021,3,2,H,1,1,D,1.2,6.5,13,1.3,5.5,10,1.3,5.5,11,1.82,2.08,1.87,2.04
Liverpool,Aston Villa,11/12/2021,1,0,H,0,0,D,1.22,6.5,12,1.25,6.25,10.5,1.25,6.25,11,2.1,1.7,2.18,1.75
Norwich,Man United,11/12/2021,0,1,A,0,0,D,7,4.5,1.44,6.5,4.6,1.46,7,4.6,1.45,1.94,1.96,1.9,2
Burnley,West Ham,12/12/2021,0,0,D,0,0,D,3.4,3.5,2.1,3.6,3.6,1.98,3.35,3.45,2.15,2.02,1.88,2.06,1.86
Leicester,Newcastle,12/12/2021,4,0,H,1,0,H,1.7,4,4.75,1.68,4,4.75,1.75,3.95,4.4,1.94,1.96,1.9,2.01
Crystal Palace,Everton,12/12/2021,3,1,H,1,0,H,2.1,3.2,3.75,2.25,3.25,3.2,2.2,3.15,3.55,1.9,2,1.93,2
Norwich,Aston Villa,14/12/2021,0,2,A,0,1,A,3.5,3.4,2.1,3.6,3.25,2.1,3.6,3.3,2.15,1.77,2.02,1.8,2.13
Man City,Leeds,14/12/2021,7,0,H,3,0,H,1.14,8.5,15,1.15,9,16,1.15,8.75,17,1.93,1.97,1.95,1.95
Brighton,Wolves,15/12/2021,0,1,A,0,1,A,2,3.1,4.5,2.1,3.1,3.8,2.05,3.15,4,2.01,1.92,2,1.92
Crystal Palace,Southampton,15/12/2021,2,2,D,1,2,A,1.95,3.4,4,1.98,3.4,3.8,2.1,3.3,3.7,1.73,2.08,1.74,2.22
Arsenal,West Ham,15/12/2021,2,0,H,0,0,D,2,3.6,3.6,2.05,3.6,3.4,2.05,3.55,3.55,1.88,1.93,1.99,1.93
Chelsea,Everton,16/12/2021,1,1,D,0,0,D,1.18,6.5,19,1.2,6.75,14.5,1.25,6.25,12,1.81,2.13,1.9,2.11
Liverpool,Newcastle,16/12/2021,3,1,H,2,1,H,1.11,9.5,21,1.1,11,26,1.15,8.25,18,1.97,1.96,1.88,2
Leeds,Arsenal,18/12/2021,1,4,A,0,3,A,5.25,4.33,1.57,5.25,4.1,1.61,5.25,4.2,1.6,1.99,1.94,1.85,2.09
Newcastle,Man City,19/12/2021,0,4,A,0,2,A,21,9,1.11,18,9.75,1.13,19,8.5,1.15,1.75,2.05,1.81,2.09
Wolves,Chelsea,19/12/2021,0,0,D,0,0,D,5.5,3.4,1.72,5.25,3.5,1.72,5.25,3.5,1.75,1.81,2.13,1.81,2
Tottenham,Liverpool,19/12/2021,2,2,D,1,1,D,4.75,4.1,1.66,4.6,4.1,1.68,4.6,4.1,1.7,2.09,1.84,2.11,1.81
Man City,Leicester,26/12/2021,6,3,H,4,0,H,1.12,10,17,1.14,9.75,15.5,1.17,8.25,14,1.95,1.95,1.93,1.98
Norwich,Arsenal,26/12/2021,0,5,A,0,2,A,6.5,4.5,1.5,6,4.5,1.51,6,4.5,1.53,1.99,1.91,2.01,1.91
Tottenham,Crystal Palace,26/12/2021,3,0,H,2,0,H,1.7,3.8,5,1.7,3.9,4.8,1.7,3.75,5.25,1.97,1.93,1.98,1.94
West Ham,Southampton,26/12/2021,2,3,A,0,1,A,1.9,3.75,3.8,1.98,3.5,3.8,1.95,3.6,3.85,1.99,1.91,1.98,1.94
Aston Villa,Chelsea,26/12/2021,1,3,A,1,1,D,5.25,3.8,1.65,5,3.7,1.7,4.9,3.7,1.73,1.94,1.96,1.99,1.93
Brighton,Brentford,26/12/2021,2,0,H,2,0,H,1.9,3.4,4.33,1.9,3.3,4.33,1.95,3.4,4.1,1.99,1.91,1.99,1.93
Newcastle,Man United,27/12/2021,1,1,D,1,0,H,6.5,4.75,1.45,6.25,4.75,1.47,5.75,4.5,1.53,1.73,2.08,1.76,2.2
Crystal Palace,Norwich,28/12/2021,3,0,H,3,0,H,1.72,3.5,5.25,1.71,3.5,5.25,1.75,3.5,5,2.05,1.88,2.03,1.89
Southampton,Tottenham,28/12/2021,1,1,D,1,1,D,3.75,3.5,2,3.7,3.4,2,3.7,3.35,2.1,1.73,2.08,1.78,2.16
Watford,West Ham,28/12/2021,1,4,A,1,2,A,3.6,3.75,1.95,3.5,3.6,2,3.4,3.65,2.1,1.87,2.06,1.86,2.07
Leicester,Liverpool,28/12/2021,1,0,H,0,0,D,9,6,1.28,8.25,6.25,1.3,7.5,5.75,1.35,1.8,2,1.83,2.07
Chelsea,Brighton,29/12/2021,1,1,D,1,0,H,1.33,5,9.5,1.35,4.8,9.5,1.4,4.7,8.25,2.05,1.88,2.04,1.88
Brentford,Man City,29/12/2021,0,1,A,0,1,A,17,9,1.12,14,8.25,1.17,15,7.5,1.17,1.7,2.1,1.75,2.18
Man United,Burnley,30/12/2021,3,1,H,3,1,H,1.36,5,8,1.35,5,9,1.4,4.7,7.75,1.88,2.05,1.88,2.04
Arsenal,Man City,01/01/2022,1,2,A,1,0,H,5.25,4.2,1.6,5.25,4.2,1.6,4.8,4.1,1.65,2.06,1.87,2.07,1.87
Watford,Tottenham,01/01/2022,0,1,A,0,0,D,5.5,4,1.6,5.75,4,1.58,5.5,4.1,1.63,1.81,2.13,1.86,2.07
Crystal Palace,West Ham,01/01/2022,2,3,A,0,3,A,3.4,3.4,2.15,3.3,3.3,2.2,3.35,3.25,2.25,2.01,1.92,2,1.93
Brentford,Aston Villa,02/01/2022,2,1,H,1,1,D,2.8,3.25,2.55,2.75,3.3,2.55,2.85,3.15,2.6,2.04,1.89,2.06,1.88
Everton,Brighton,02/01/2022,2,3,A,0,2,A,3,3.1,2.5,2.85,3,2.65,2.85,3.05,2.7,2.11,1.82,2.01,1.92
Leeds,Burnley,02/01/2022,3,1,H,1,0,H,2,3.5,3.6,2,3.5,3.7,2,3.6,3.6,2.1,1.83,2.11,1.81
Chelsea,Liverpool,02/01/2022,2,2,D,2,2,D,2.5,3.5,2.7,2.6,3.4,2.6,2.65,3.35,2.65,1.87,2.06,1.94,1.98
Man United,Wolves,03/01/2022,0,1,A,0,0,D,1.65,3.75,5.75,1.66,3.75,5.25,1.7,3.65,5.5,2,1.95,1.97,1.95
Southampton,Brentford,11/01/2022,4,1,H,2,1,H,2.1,3.25,3.6,2.1,3.3,3.5,2.2,3.2,3.6,1.9,2,1.9,2.03
West Ham,Norwich,12/01/2022,2,0,H,1,0,H,1.36,5,8,1.41,4.8,7.5,1.45,4.7,6.75,1.91,1.99,1.86,2.06
Brighton,Crystal Palace,14/01/2022,1,1,D,0,0,D,2.05,3.3,3.8,1.98,3.3,4,2.1,3.25,3.7,2.05,1.85,2.05,1.88
Man City,Chelsea,15/01/2022,1,0,H,0,0,D,1.6,4.2,5.25,1.61,4.2,5,1.67,3.95,5.25,1.8,2,1.85,2.08
Newcastle,Watford,15/01/2022,1,1,D,0,0,D,1.8,3.8,4.33,1.83,3.6,4.33,1.83,3.75,4.2,1.79,2.11,1.84,2.04
Norwich,Everton,15/01/2022,2,1,H,2,0,H,3.5,3.3,2.15,3.25,3.25,2.25,3.3,3.3,2.25,1.97,1.93,2,1.93
Wolves,Southampton,15/01/2022,3,1,H,1,0,H,2.37,3,3.3,2.4,3,3.2,2.45,3.05,3.2,2.08,1.82,2.09,1.85
Aston Villa,Man United,15/01/2022,2,2,D,0,1,A,2.5,3.5,2.75,2.5,3.6,2.65,2.55,3.35,2.75,1.8,2.1,1.82,2.13
Liverpool,Brentford,16/01/2022,3,0,H,1,0,H,1.22,6.5,12,1.25,6,11.5,1.27,6,11,1.88,2.02,1.88,2.04
West Ham,Leeds,16/01/2022,2,3,A,1,2,A,1.61,4.2,5,1.65,4.1,4.8,1.67,4.2,4.6,1.88,2.02,1.88,2.05
Brighton,Chelsea,18/01/2022,1,1,D,0,1,A,5.25,3.6,1.66,5.25,3.7,1.66,5.25,3.7,1.7,1.75,2.05,1.66,2.38
Leicester,Tottenham,19/01/2022,2,3,A,1,1,D,3.1,3.5,2.25,3.2,3.4,2.2,3.15,3.3,2.3,1.94,1.96,1.95,1.96
Brentford,Man United,19/01/2022,1,3,A,0,0,D,4.6,3.8,1.75,4.5,3.6,1.8,4.5,3.5,1.85,1.84,2.06,1.93,1.99
Watford,Norwich,21/01/2022,0,3,A,0,0,D,2,3.5,3.75,1.93,3.6,3.8,2.05,3.45,3.65,2.07,1.86,2.07,1.86
Everton,Aston Villa,22/01/2022,0,1,A,0,1,A,2.7,3.4,2.62,2.8,3.3,2.5,2.7,3.3,2.65,1.94,1.99,1.94,1.97
Brentford,Wolves,22/01/2022,1,2,A,0,0,D,2.37,3.1,3.25,2.3,3.1,3.3,2.5,2.95,3.2,2.09,1.84,2.13,1.82
Leeds,Newcastle,22/01/2022,0,1,A,0,0,D,1.9,3.9,3.75,1.9,3.7,3.8,1.9,3.85,3.9,1.83,2.1,1.86,2.07
Man United,West Ham,22/01/2022,1,0,H,0,0,D,2.05,3.6,3.5,2,3.7,3.5,2.1,3.6,3.4,1.85,2.08,1.88,2.05
Southampton,Man City,22/01/2022,1,1,D,1,0,H,11,6,1.25,10.5,6,1.27,8.5,5.5,1.33,2.06,1.87,2.08,1.84
Arsenal,Burnley,23/01/2022,0,0,D,0,0,D,1.28,5.25,11,1.32,5,10,1.3,5.5,9.5,1.92,2.01,1.93,2
Crystal Palace,Liverpool,23/01/2022,1,3,A,0,2,A,5.75,4.2,1.55,6,4.1,1.55,5.75,4.2,1.57,1.96,1.97,1.94,1.97
Leicester,Brighton,23/01/2022,1,1,D,0,0,D,2.5,3.4,2.8,2.55,3.3,2.7,2.6,3.45,2.65,1.92,2.01,1.93,1.99
Chelsea,Tottenham,23/01/2022,2,0,H,0,0,D,1.7,3.75,5,1.71,3.8,4.75,1.73,3.7,4.9,1.99,1.94,1.97,1.95
Burnley,Watford,05/02/2022,0,0,D,0,0,D,2.15,3.25,3.6,2.15,3.2,3.5,2.2,3.15,3.55,1.9,2,1.89,2.03
Newcastle,Everton,08/02/2022,3,1,H,1,1,D,2.5,3.3,2.8,2.4,3.3,2.87,2.45,3.25,2.95,1.83,2.07,1.86,2.07
West Ham,Watford,08/02/2022,1,0,H,0,0,D,1.53,4.2,6,1.57,4,5.75,1.55,4.2,6,1.9,2,1.96,1.96
Burnley,Man United,08/02/2022,1,1,D,0,1,A,6,4.2,1.55,5.75,4,1.58,5.75,4.1,1.57,1.98,1.92,1.98,1.93
Man City,Brentford,09/02/2022,2,0,H,1,0,H,1.07,11,26,1.11,10,23,1.1,9.5,27,1.8,2,1.79,2.09
Norwich,Crystal Palace,09/02/2022,1,1,D,1,0,H,3.6,3.3,2.15,3.3,3.2,2.25,3.35,3.2,2.25,1.73,2.08,1.7,2.3
Tottenham,Southampton,09/02/2022,2,3,A,1,1,D,1.61,4,5.25,1.55,4.1,5.75,1.6,4.1,5.5,2.1,1.83,1.97,1.95
Aston Villa,Leeds,09/02/2022,3,3,D,3,2,H,1.95,3.8,3.6,1.83,3.7,4.1,1.85,3.8,3.95,2.01,1.92,1.98,1.93
Liverpool,Leicester,10/02/2022,2,0,H,1,0,H,1.18,7,13,1.23,6.75,11.5,1.27,6.25,10,1.86,2.07,1.76,2.15
Wolves,Arsenal,10/02/2022,0,1,A,0,1,A,4,3.2,2.05,3.6,3.1,2.15,3.55,3.05,2.25,2.14,1.8,2.2,1.75
Man United,Southampton,12/02/2022,1,1,D,1,0,H,1.53,4.33,5.75,1.57,4.5,5,1.65,4.1,4.9,1.89,2.04,1.88,2.04
Brentford,Crystal Palace,12/02/2022,0,0,D,0,0,D,3,3.1,2.5,2.85,3.1,2.6,2.95,3,2.65,2.14,1.8,2.21,1.74
Everton,Leeds,12/02/2022,3,0,H,2,0,H,2.55,3.6,2.6,2.55,3.5,2.65,2.4,3.5,2.85,1.79,2.15,1.95,1.96
Watford,Brighton,12/02/2022,0,2,A,0,1,A,4,3.4,1.95,3.8,3.25,2.05,3.7,3.25,2.1,1.92,2.01,1.92,2
Norwich,Man City,12/02/2022,0,4,A,0,1,A,15,7.5,1.18,15,7,1.19,15,6.75,1.2,1.96,1.97,2.04,1.87
Burnley,Liverpool,13/02/2022,0,1,A,0,1,A,12,6.5,1.2,10.5,6.25,1.26,11,6,1.27,1.85,2.08,1.83,2.09
Newcastle,Aston Villa,13/02/2022,1,0,H,1,0,H,2.75,3.3,2.55,2.75,3.4,2.5,2.75,3.35,2.55,2.02,1.91,2.02,1.91
Tottenham,Wolves,13/02/2022,0,2,A,0,2,A,1.66,3.75,5.5,1.71,3.7,5,1.7,3.55,5.5,1.91,2.02,1.92,2.01
Leicester,West Ham,13/02/2022,2,2,D,1,1,D,2.9,3.4,2.4,2.8,3.4,2.45,2.85,3.45,2.45,1.82,2.11,1.85,2.07
Man United,Brighton,15/02/2022,2,0,H,0,0,D,1.75,3.6,4.75,1.8,3.5,4.5,1.9,3.55,4.2,1.75,2.05,1.81,2.1
West Ham,Newcastle,19/02/2022,1,1,D,1,1,D,1.61,4,5.5,1.6,3.9,5.75,1.67,3.9,5.25,1.79,2.11,1.79,2.14
Arsenal,Brentford,19/02/2022,2,1,H,0,0,D,1.5,3.75,8,1.53,3.9,6.75,1.55,3.9,6.5,1.93,1.97,1.91,2.01
Aston Villa,Watford,19/02/2022,0,1,A,0,0,D,1.6,3.8,6,1.63,4,5,1.67,3.95,5,1.79,2.11,1.78,2.15
Brighton,Burnley,19/02/2022,0,3,A,0,2,A,1.65,3.6,6,1.62,3.8,5.5,1.63,3.85,6,1.85,2.05,1.88,2.03
Crystal Palace,Chelsea,19/02/2022,0,1,A,0,0,D,5.5,3.75,1.65,5.25,3.7,1.66,5.25,3.65,1.7,2.07,1.83,2.14,1.79
Liverpool,Norwich,19/02/2022,3,1,H,0,0,D,1.12,9.5,17,1.11,9.5,26,1.12,9,23,1.77,2.02,1.81,2.09
Southampton,Everton,19/02/2022,2,0,H,0,0,D,2,3.6,3.6,2.1,3.4,3.4,2.15,3.45,3.45,2.02,1.88,1.99,1.93
Man City,Tottenham,19/02/2022,2,3,A,1,1,D,1.28,5.75,10,1.28,5.5,11,1.33,5.25,8.75,2.05,1.75,2,1.91
Leeds,Man United,20/02/2022,2,4,A,0,2,A,4.75,4.2,1.66,4.4,4,1.71,4.7,3.8,1.73,1.7,2.1,1.78,2.15
Wolves,Leicester,20/02/2022,2,1,H,1,1,D,2.2,3.2,3.6,2.2,3.2,3.3,2.2,3.15,3.55,1.88,2.02,1.86,2.06
Burnley,Tottenham,23/02/2022,1,0,H,0,0,D,4.5,3.6,1.83,4.5,3.7,1.77,4.4,3.5,1.85,2.04,1.86,2.04,1.88
Watford,Crystal Palace,23/02/2022,1,4,A,1,2,A,2.87,3.1,2.6,2.9,3.1,2.55,2.95,3.05,2.65,2.04,1.86,2.1,1.84
Liverpool,Leeds,23/02/2022,6,0,H,3,0,H,1.18,7.5,13,1.18,7.75,14,1.2,7.25,12,2.04,1.86,2.04,1.87
Arsenal,Wolves,24/02/2022,2,1,H,0,1,A,1.61,3.6,5.75,1.63,3.7,5.75,1.73,3.45,5.5,1.87,2.03,1.9,2.03
Southampton,Norwich,25/02/2022,2,0,H,1,0,H,1.45,4.5,7,1.5,4.5,6,1.57,4.2,5.75,1.85,2.05,1.85,2.09
Leeds,Tottenham,26/02/2022,0,4,A,0,3,A,3.75,3.6,1.95,3.6,3.7,1.95,3.6,3.75,1.97,1.9,2,1.93,2
Brentford,Newcastle,26/02/2022,0,2,A,0,2,A,2.25,3.1,3.5,2.35,3.1,3.2,2.45,3.05,3.2,1.97,1.93,1.96,1.95
Crystal Palace,Burnley,26/02/2022,1,1,D,1,0,H,1.9,3.3,4.5,1.87,3.3,4.5,1.9,3.35,4.6,1.9,2,1.92,2.01
Man United,Watford,26/02/2022,0,0,D,0,0,D,1.36,5,7.5,1.37,4.6,9,1.35,5.25,8.25,1.87,2.03,1.88,2.05
Brighton,Aston Villa,26/02/2022,0,2,A,0,1,A,2.15,3.4,3.4,2.2,3.3,3.3,2.2,3.2,3.5,1.91,1.99,1.93,2
Everton,Man City,26/02/2022,0,1,A,0,0,D,12,6,1.25,12,6,1.25,11,6.25,1.25,1.92,1.98,2.01,1.89
West Ham,Wolves,27/02/2022,1,0,H,0,0,D,1.95,3.3,4.33,1.85,3.4,4.4,1.95,3.35,4.3,1.94,1.96,1.94,1.98
Burnley,Leicester,01/03/2022,0,2,A,0,0,D,2.9,3.25,2.5,2.85,3.3,2.45,2.85,3.25,2.55,1.75,2.17,1.74,2.23
Leicester,Leeds,05/03/2022,1,0,H,0,0,D,2.05,3.6,3.6,2,3.7,3.4,2,3.8,3.45,2.11,1.79,2.13,1.8
Aston Villa,Southampton,05/03/2022,4,0,H,2,0,H,2.15,3.6,3.1,2.2,3.5,3.2,2.3,3.45,3.1,1.91,1.99,1.96,1.96
Burnley,Chelsea,05/03/2022,0,4,A,0,0,D,7,3.8,1.5,7.5,3.9,1.5,7,4.2,1.5,1.97,1.93,1.98,1.94
Newcastle,Brighton,05/03/2022,2,1,H,2,0,H,2.7,3.2,2.7,2.6,3.1,2.87,2.6,3.05,2.9,1.91,1.99,1.93,1.98
Norwich,Brentford,05/03/2022,1,3,A,0,1,A,3.1,3.1,2.4,3,3.1,2.45,3.05,3.15,2.45,1.81,2.09,1.83,2.11
Wolves,Crystal Palace,05/03/2022,0,2,A,0,2,A,2.3,3.1,3.4,2.37,2.95,3.3,2.35,2.95,3.45,2,1.9,2.02,1.91
Liverpool,West Ham,05/03/2022,1,0,H,1,0,H,1.22,7,12,1.24,6.75,10.5,1.27,6,10,2.05,1.75,2.11,1.79
Watford,Arsenal,06/03/2022,2,3,A,1,2,A,6.5,4.2,1.5,6.25,4.2,1.51,6.5,4.1,1.53,1.98,1.92,2.01,1.92
Man City,Man United,06/03/2022,4,1,H,2,1,H,1.4,4.5,7,1.37,5,7.75,1.45,4.8,6.75,1.94,1.96,1.95,1.97
Tottenham,Everton,07/03/2022,5,0,H,3,0,H,1.7,3.8,4.75,1.65,3.9,5.25,1.73,3.9,4.6,1.97,1.93,1.99,1.93
Norwich,Chelsea,10/03/2022,1,3,A,0,2,A,8.5,4.75,1.36,9.5,4.8,1.35,8.75,4.8,1.37,2.02,1.91,2.1,1.84
Southampton,Newcastle,10/03/2022,1,2,A,1,1,D,1.9,3.6,4,1.87,3.5,4.2,2.05,3.4,3.75,1.91,2.02,1.92,2.01
Wolves,Watford,10/03/2022,4,0,H,3,0,H,1.9,3.4,4.2,1.9,3.4,4.2,1.95,3.4,4.2,1.98,1.95,1.97,1.95
Leeds,Aston Villa,10/03/2022,0,3,A,0,1,A,2.8,3.5,2.4,2.7,3.5,2.45,2.8,3.5,2.45,1.73,2.08,1.78,2.17
Brighton,Liverpool,12/03/2022,0,2,A,0,1,A,7,4.5,1.45,6.5,4.6,1.46,6.25,4.6,1.5,1.73,2.08,1.79,2.14
Brentford,Burnley,12/03/2022,2,0,H,0,0,D,2.05,3.25,3.8,2.1,3.25,3.6,2.1,3.2,3.75,1.75,2.05,1.83,2.12
Man United,Tottenham,12/03/2022,3,2,H,2,1,H,2.25,3.5,3.1,2.3,3.5,2.95,2.35,3.45,3,2.03,1.9,2.06,1.87
Chelsea,Newcastle,13/03/2022,1,0,H,0,0,D,1.4,4.75,7.5,1.38,4.8,8.5,1.43,4.6,8,2,1.93,1.95,1.97
Everton,Wolves,13/03/2022,0,1,A,0,0,D,2.25,3,3.6,2.2,3.1,3.5,2.3,3.05,3.55,1.96,1.97,1.97,1.95
Leeds,Norwich,13/03/2022,2,1,H,1,0,H,1.65,4,5,1.58,4,5.75,1.63,4.2,5.25,2.02,1.77,2.04,1.89
Southampton,Watford,13/03/2022,1,2,A,1,2,A,1.66,4.2,4.75,1.57,4.2,5.5,1.67,3.95,4.9,1.87,2.06,1.88,2.06
West Ham,Aston Villa,13/03/2022,2,1,H,0,0,D,2.4,3.3,2.9,2.45,3.2,2.95,2.5,3.2,2.9,1.79,2.15,1.82,2.12
Arsenal,Leicester,13/03/2022,2,0,H,1,0,H,1.4,4.75,7,1.44,4.75,6.5,1.45,4.7,6.75,1.97,1.96,1.97,1.95
Crystal Palace,Man City,14/03/2022,0,0,D,0,0,D,9,5.25,1.33,9.25,5.25,1.33,10,5,1.33,1.9,2.03,1.92,2.01
Brighton,Tottenham,16/03/2022,0,2,A,0,1,A,3.5,3.4,2.1,3.5,3.4,2.1,3.65,3.3,2.1,2.05,1.75,2.11,1.81
Arsenal,Liverpool,16/03/2022,0,2,A,0,0,D,3.5,3.75,2,3.5,3.75,1.95,3.5,3.6,2.05,1.81,2.09,1.85,2.09
Everton,Newcastle,17/03/2022,1,0,H,0,0,D,2.4,3.25,3.1,2.5,3,3,2.4,3.15,3.2,2.03,1.87,2.06,1.87
Wolves,Leeds,18/03/2022,2,3,A,2,0,H,2.15,3.5,3.25,2.15,3.4,3.3,2.2,3.3,3.4,1.95,1.95,1.96,1.96
Aston Villa,Arsenal,19/03/2022,0,1,A,0,1,A,2.8,3.4,2.45,2.95,3.4,2.35,2.9,3.3,2.5,1.76,2.15,1.77,2.18
Leicester,Brentford,20/03/2022,2,1,H,2,0,H,2.1,3.4,3.6,2.1,3.3,3.5,2.15,3.3,3.45,1.79,2.11,1.84,2.1
Tottenham,West Ham,20/03/2022,3,1,H,2,1,H,1.7,3.75,5.25,1.7,3.7,5,1.73,3.75,4.9,1.91,1.99,1.94,1.98
Liverpool,Watford,02/04/2022,2,0,H,1,0,H,1.14,8.5,15,1.16,7.5,21,1.15,8,20,2.01,1.89,2.03,1.88
Brighton,Norwich,02/04/2022,0,0,D,0,0,D,1.5,4.2,7,1.49,4,7.25,1.55,4,6.25,1.9,2,1.92,2
Burnley,Man City,02/04/2022,0,2,A,0,2,A,19,7,1.16,13,6.25,1.23,15,6.5,1.2,1.97,1.93,1.98,1.92
Chelsea,Brentford,02/04/2022,1,4,A,0,0,D,1.4,4.5,8.5,1.37,4.8,8.75,1.4,4.6,8.5,1.96,1.94,1.95,1.96
Leeds,Southampton,02/04/2022,1,1,D,1,0,H,2.4,3.6,2.8,2.35,3.6,2.8,2.4,3.55,2.8,1.79,2.11,1.83,2.1
Wolves,Aston Villa,02/04/2022,2,1,H,2,0,H,3,3.1,2.5,2.9,3,2.6,3,3,2.6,1.75,2.05,1.76,2.19
Man United,Leicester,02/04/2022,1,1,D,0,0,D,1.53,4.33,5.75,1.51,4.6,5.75,1.63,4.1,5.25,1.9,2,1.93,2
West Ham,Everton,03/04/2022,2,1,H,1,0,H,1.75,3.75,4.75,1.78,3.7,4.4,1.77,3.75,4.6,2.06,1.84,2.04,1.88
Tottenham,Newcastle,03/04/2022,5,1,H,1,1,D,1.53,4.2,6,1.53,4.2,6,1.55,4.2,6,1.97,1.93,1.97,1.95
Crystal Palace,Arsenal,04/04/2022,3,0,H,2,0,H,4,3.4,1.95,3.9,3.3,1.98,3.85,3.35,2.05,1.84,2.06,1.86,2.07
Burnley,Everton,06/04/2022,3,2,H,1,2,A,2.45,3.1,3.1,2.45,3.1,3.1,2.5,3.1,3.05,2.14,1.77,2.19,1.78
Newcastle,Wolves,08/04/2022,1,0,H,0,0,D,1.95,3.2,4.33,1.98,3.25,4,1.97,3.25,4.3,2,1.9,2,1.92
Everton,Man United,09/04/2022,1,0,H,1,0,H,4,3.75,1.9,3.8,3.75,1.88,3.9,3.75,1.9,2.02,1.88,2.01,1.92
Arsenal,Brighton,09/04/2022,1,2,A,0,1,A,1.57,3.75,6,1.68,3.5,5.75,1.6,3.75,6.25,1.78,2.13,1.83,2.11
Southampton,Chelsea,09/04/2022,0,6,A,0,4,A,3.6,3.6,2,3.8,3.6,1.93,3.7,3.55,2,1.88,2.02,1.87,2.05
Watford,Leeds,09/04/2022,0,3,A,0,1,A,2.8,3.3,2.55,2.65,3.5,2.5,2.75,3.35,2.55,2.08,1.82,2.09,1.85
Aston Villa,Tottenham,09/04/2022,0,4,A,0,1,A,3.3,3.4,2.2,3.1,3.6,2.2,3.3,3.45,2.2,2.01,1.89,2.03,1.89
Brentford,West Ham,10/04/2022,2,0,H,0,0,D,2.62,3.25,2.6,2.6,3.1,2.8,2.65,3.2,2.75,1.97,1.93,1.96,1.96
Leicester,Crystal Palace,10/04/2022,2,1,H,2,0,H,2.4,3.2,3,2.5,3.3,2.8,2.5,3.2,2.95,1.7,2.1,1.77,2.17
Norwich,Burnley,10/04/2022,2,0,H,1,0,H,3,3.5,2.3,3.1,3.3,2.25,3.1,3.3,2.35,1.85,2.05,1.88,2.04
Man City,Liverpool,10/04/2022,2,2,D,2,1,H,1.95,3.75,3.8,1.93,3.75,3.6,2,3.6,3.6,1.99,1.91,1.98,1.95
Tottenham,Brighton,16/04/2022,0,1,A,0,0,D,1.5,4.33,5.75,1.52,4.33,6,1.5,4.4,6.25,1.83,2.07,1.88,2.05
Man United,Norwich,16/04/2022,3,2,H,2,1,H,1.28,6,10,1.27,6,10,1.27,6.25,9.5,1.92,1.98,1.99,1.97
Southampton,Arsenal,16/04/2022,1,0,H,1,0,H,3.8,3.75,1.9,3.9,3.6,1.9,3.8,3.55,1.97,1.96,1.94,1.98,1.94
Watford,Brentford,16/04/2022,1,2,A,0,1,A,2.87,3.3,2.45,2.87,3.25,2.5,2.95,3.25,2.5,1.7,2.1,1.75,2.2
Newcastle,Leicester,17/04/2022,2,1,H,1,1,D,2,3.5,3.6,2,3.5,3.7,2,3.5,3.7,2.02,1.88,2.06,1.87
West Ham,Burnley,17/04/2022,1,1,D,0,1,A,1.75,3.75,4.5,1.77,3.75,4.4,1.83,3.4,4.8,2.06,1.84,2.05,1.88
Liverpool,Man United,19/04/2022,4,0,H,2,0,H,1.3,5.75,9,1.34,5.5,8,1.4,5.25,7.25,1.99,1.94,1.96,1.96
Chelsea,Arsenal,20/04/2022,2,4,A,2,2,D,1.9,3.5,4.2,1.83,3.6,4.2,1.9,3.45,4.3,1.95,1.98,1.96,1.96
Everton,Leicester,20/04/2022,1,1,D,0,1,A,2.6,3.3,2.7,2.4,3.3,2.9,2.55,3.25,2.85,1.89,2.04,1.87,2.06
Newcastle,Crystal Palace,20/04/2022,1,0,H,1,0,H,2.2,3.3,3.3,2.25,3.1,3.4,2.3,3.1,3.4,1.98,1.95,1.97,1.95
Man City,Brighton,20/04/2022,3,0,H,0,0,D,1.22,6.5,13,1.21,6.5,14.5,1.22,6.25,14,1.84,2.09,1.85,2.07
Burnley,Southampton,21/04/2022,2,0,H,2,0,H,2.6,3.3,2.75,2.65,3.4,2.6,2.65,3.3,2.75,1.87,2.06,1.88,2
Arsenal,Man United,23/04/2022,3,1,H,2,1,H,2,3.6,3.6,2,3.6,3.5,2,3.6,3.65,2.04,1.86,2.06,1.87
Leicester,Aston Villa,23/04/2022,0,0,D,0,0,D,2.9,3.3,2.45,2.9,3.3,2.45,2.95,3.3,2.45,1.8,2.1,1.81,2.14
Man City,Watford,23/04/2022,5,1,H,3,1,H,1.1,10,23,1.12,9.75,23,1.12,9.5,22,1.97,1.93,1.95,1.95
Norwich,Newcastle,23/04/2022,0,3,A,0,2,A,3.3,3.4,2.2,3.4,3.25,2.15,3.4,3.3,2.2,1.97,1.93,2,1.93
Brentford,Tottenham,23/04/2022,0,0,D,0,0,D,4.75,3.8,1.7,4.75,3.7,1.73,4.7,3.95,1.7,1.98,1.92,1.96,1.96
Brighton,Southampton,24/04/2022,2,2,D,2,1,H,2.1,3.3,3.75,1.9,3.5,4,2.1,3.4,3.65,2.1,1.8,2.14,1.8
Burnley,Wolves,24/04/2022,1,0,H,0,0,D,2.45,3.1,3.1,2.65,3,2.85,2.55,3.05,3,NA,NA,2.18,1.79
Chelsea,West Ham,24/04/2022,1,0,H,0,0,D,1.4,4.75,8,1.42,4.8,7,1.4,4.8,7.75,1.97,1.93,1.99,1.93
Liverpool,Everton,24/04/2022,2,0,H,0,0,D,1.18,7,15,1.19,7.25,14,1.2,7,14,1.97,1.93,1.97,1.93
Crystal Palace,Leeds,25/04/2022,0,0,D,0,0,D,2.37,3.5,2.9,2.4,3.4,2.8,2.4,3.35,2.95,2.07,1.83,2.15,1.79
Man United,Chelsea,28/04/2022,1,1,D,0,0,D,3.5,3.6,2.05,3.3,3.6,2.05,3.5,3.55,2.05,1.77,2.02,1.81,2.12
Newcastle,Liverpool,30/04/2022,0,1,A,0,1,A,6,4.33,1.53,6,4.33,1.52,6.75,4.3,1.5,1.97,1.93,1.99,1.93
Aston Villa,Norwich,30/04/2022,2,0,H,1,0,H,1.4,4.75,8.5,1.43,4.75,7,1.43,4.8,7.25,1.88,2.02,1.91,2.01
Southampton,Crystal Palace,30/04/2022,1,2,A,1,0,H,2.45,3.1,3,2.45,3.1,3,2.45,3.15,3.1,2.13,1.78,2.14,1.81
Watford,Burnley,30/04/2022,1,2,A,1,0,H,2.6,3.2,2.87,2.6,3.1,2.8,2.6,3.1,2.85,1.87,2.03,1.88,2.04
Wolves,Brighton,30/04/2022,0,3,A,0,1,A,2.7,3,3,2.75,2.9,2.85,2.65,3,2.95,1.87,2.03,1.9,2.03
Leeds,Man City,30/04/2022,0,4,A,0,1,A,8.5,5.75,1.33,10,5.5,1.3,NA,NA,NA,1.96,1.94,1.98,1.94
Everton,Chelsea,01/05/2022,1,0,H,0,0,D,5,3.75,1.7,5,3.7,1.7,NA,NA,NA,1.94,1.96,1.98,1.94
Tottenham,Leicester,01/05/2022,3,1,H,1,0,H,1.33,5.25,9,1.38,5,7.75,NA,NA,NA,2.02,1.88,2.04,1.89
West Ham,Arsenal,01/05/2022,1,2,A,1,1,D,4.2,4,1.8,4.4,3.75,1.77,4.6,3.95,1.73,1.85,2.05,1.88,2.05
Man United,Brentford,02/05/2022,3,0,H,1,0,H,1.72,3.8,4.5,1.7,4,4.75,1.75,3.95,4.3,2.01,1.89,2.04,1.89
Brentford,Southampton,07/05/2022,3,0,H,2,0,H,2.1,3.4,3.5,2.1,3.5,3.4,2.15,3.2,3.65,1.81,2.09,1.82,2.11
Burnley,Aston Villa,07/05/2022,1,3,A,0,2,A,3,3.2,2.5,3,3.1,2.45,3.05,3.1,2.5,1.77,2.14,1.81,2.14
Chelsea,Wolves,07/05/2022,2,2,D,0,0,D,1.4,4.75,8,1.39,4.75,8.25,1.4,4.7,8.25,1.91,1.99,1.9,2.02
Crystal Palace,Watford,07/05/2022,1,0,H,1,0,H,1.66,3.8,5.25,1.68,3.7,5.25,1.67,3.75,5.5,1.89,2.01,1.92,2.01
Brighton,Man United,07/05/2022,4,0,H,1,0,H,2.87,3.4,2.45,3,3.3,2.35,3,3.3,2.4,1.76,2.15,1.75,2.21
Liverpool,Tottenham,07/05/2022,1,1,D,0,0,D,1.4,5.25,6.5,1.43,5,6.5,1.43,5,6.75,1.94,1.96,1.95,1.97
Arsenal,Leeds,08/05/2022,2,1,H,2,0,H,1.53,4.5,5.5,1.51,4.33,6,1.53,4.4,6,1.9,2,1.9,2.02
Leicester,Everton,08/05/2022,1,2,A,1,2,A,2.6,3.25,2.7,2.6,3.25,2.75,2.65,3.25,2.7,1.89,2.01,1.93,2
Norwich,West Ham,08/05/2022,0,4,A,0,3,A,4.5,3.8,1.72,4.75,4,1.68,4.8,3.95,1.7,1.85,1.95,2.01,1.92
Man City,Newcastle,08/05/2022,5,0,H,2,0,H,1.16,7.5,15,1.18,7.5,15,1.2,7.5,12,2.02,1.77,2.07,1.85
Aston Villa,Liverpool,10/05/2022,1,2,A,1,1,D,6.25,4.5,1.5,6,4.5,1.51,6,4.5,1.5,1.99,1.91,2.04,1.88
Leeds,Chelsea,11/05/2022,0,3,A,0,1,A,4.75,4,1.7,4.5,4,1.68,4.8,4.1,1.67,2.02,1.88,2.02,1.91
Leicester,Norwich,11/05/2022,3,0,H,0,0,D,1.33,5.5,8.5,1.35,5.25,8.25,1.33,5.5,8.5,1.96,1.94,1.95,1.97
Watford,Everton,11/05/2022,0,0,D,0,0,D,5.5,3.75,1.65,5.5,3.7,1.66,5.5,3.7,1.67,2.03,1.87,2.04,1.88
Wolves,Man City,11/05/2022,1,5,A,1,3,A,10,5.75,1.28,10.5,6,1.27,13,5.5,1.27,1.86,2.04,1.9,2
Tottenham,Arsenal,12/05/2022,3,0,H,2,0,H,2.2,3.5,3.2,2.25,3.4,3.2,2.2,3.45,3.25,1.99,1.91,2,1.93
Tottenham,Burnley,15/05/2022,1,0,H,1,0,H,1.3,5.5,9.5,1.32,5.5,9.5,1.33,5.5,9.5,1.93,1.97,1.94,1.98
Aston Villa,Crystal Palace,15/05/2022,1,1,D,0,0,D,1.8,3.5,4.5,1.83,3.5,4.5,1.83,3.55,4.4,1.82,2.08,1.87,2.04
Leeds,Brighton,15/05/2022,1,1,D,0,1,A,2.62,3.4,2.62,2.6,3.4,2.65,2.55,3.4,2.8,1.94,1.96,1.96,1.96
Watford,Leicester,15/05/2022,1,5,A,1,2,A,5.5,4,1.65,5,3.9,1.68,4.8,3.9,1.7,2.08,1.82,2.07,1.85
West Ham,Man City,15/05/2022,2,2,D,2,0,H,7.5,5,1.4,7.25,5,1.39,7.25,5.25,1.4,1.8,2,1.83,2.09
Wolves,Norwich,15/05/2022,1,1,D,0,1,A,1.55,4.5,5.75,1.53,4.2,5.75,1.53,4.4,5.75,1.93,1.97,1.96,1.94
Everton,Brentford,15/05/2022,2,3,A,2,1,H,1.85,3.5,4.2,1.9,3.6,4,1.9,3.6,4.1,1.91,1.99,1.93,1.99
Newcastle,Arsenal,16/05/2022,2,0,H,0,0,D,4.2,3.75,1.83,4.2,3.75,1.82,4.7,3.75,1.75,2.05,1.85,2.05,1.8
Southampton,Liverpool,17/05/2022,1,2,A,1,1,D,6.5,5,1.44,6.5,4.75,1.46,6.75,4.8,1.45,1.93,1.97,1.95,1.97
Everton,Crystal Palace,19/05/2022,3,2,H,0,2,A,1.85,3.5,4.33,1.87,3.3,4.5,1.8,3.55,4.8,1.87,2.03,1.9,2.03
Aston Villa,Burnley,19/05/2022,1,1,D,0,1,A,1.95,3.5,3.8,2.05,3.3,3.7,2.1,3.4,3.5,2.02,1.88,2.04,1.88
Chelsea,Leicester,19/05/2022,1,1,D,1,1,D,1.4,4.75,8,1.44,4.75,6.75,1.43,4.6,7.5,1.92,1.98,1.95,1.95
Arsenal,Everton,22/05/2022,5,1,H,2,1,H,1.33,5.25,8.5,1.34,5.5,8.25,1.35,5.25,8.75,1.97,1.93,1.99,1.93
Brentford,Leeds,22/05/2022,1,2,A,0,0,D,2.3,3.8,2.8,2.3,3.7,2.8,2.4,3.7,2.75,2.09,1.81,2.09,1.85
Brighton,West Ham,22/05/2022,3,1,H,0,1,A,2.6,3.4,2.62,2.6,3.4,2.6,2.65,3.45,2.6,1.97,1.93,1.96,1.96
Burnley,Newcastle,22/05/2022,1,2,A,0,1,A,2.45,3.3,2.9,2.45,3.2,2.95,2.35,3.4,3.05,2.15,1.76,2.17,1.78
Chelsea,Watford,22/05/2022,2,1,H,1,0,H,1.2,7,13,1.2,7,14,1.22,6.75,13,1.89,2.01,1.93,1.96
Crystal Palace,Man United,22/05/2022,1,0,H,1,0,H,2.7,3.5,2.5,2.75,3.4,2.45,2.95,3.45,2.4,1.68,2.15,1.74,2.23
Leicester,Southampton,22/05/2022,4,1,H,0,0,D,1.65,4.33,4.5,1.71,4.1,4.4,1.73,4.2,4.3,1.83,2.07,1.88,2.03
Liverpool,Wolves,22/05/2022,3,1,H,1,1,D,1.12,9,17,1.13,8.75,16.5,1.15,8,17,2.02,1.77,2.06,1.83
Man City,Aston Villa,22/05/2022,3,2,H,0,1,A,1.18,7.5,13,1.18,8,14,1.15,8,17,2.06,1.84,2.05,1.86
Norwich,Tottenham,22/05/2022,0,5,A,0,2,A,8.5,5.25,1.33,9.5,5.5,1.31,12,6.25,1.25,1.95,1.95,1.96,1.94
