"variable";"descripcion"
"Date";"Fecha del partido (dd/mm/aaaa)"
"HomeTeam";"Equipo local"
"AwayTeam";"Equipo visitante"
"casa";"Operador (casa de apuestas o agregado Max/Avg)"
"tipo";"Tipo: Casa de apuestas / Agregado del mercado"
"cuota_local";"Cuota de cierre: victoria local"
"cuota_empate";"Cuota de cierre: empate"
"cuota_visitante";"Cuota de cierre: victoria visitante"
"prob_bruta_local";"Probabilidad bruta (1/cuota): local"
"prob_bruta_empate";"Probabilidad bruta: empate"
"prob_bruta_visitante";"Probabilidad bruta: visitante"
"suma_prob_bruta";"Suma de las tres probabilidades brutas (>1 por el margen)"
"margen";"Margen del mercado M = suma de probabilidades brutas - 1"
"prob_mult_local";"Prob. normalizada multiplicativa: local"
"prob_mult_empate";"Prob. normalizada multiplicativa: empate"
"prob_mult_visitante";"Prob. normalizada multiplicativa: visitante"
"suma_mult";"Suma de las probabilidades multiplicativas (=1)"
"prob_adit_local";"Prob. normalizada aditiva (P - M/3): local"
"prob_adit_empate";"Prob. normalizada aditiva: empate"
"prob_adit_visitante";"Prob. normalizada aditiva: visitante"
"suma_adit";"Suma de las probabilidades aditivas (=1)"
"adit_tiene_negativos";"TRUE si el metodo aditivo produjo alguna probabilidad negativa"
"prob_log_local";"Prob. normalizada logaritmica (P^n): local"
"prob_log_empate";"Prob. normalizada logaritmica: empate"
"prob_log_visitante";"Prob. normalizada logaritmica: visitante"
"exponente_n";"Exponente n tal que la suma de P^n es 1"
"suma_log";"Suma de las probabilidades logaritmicas (=1)"
"goles_local";"Goles del local al final del partido"
"goles_visitante";"Goles del visitante al final del partido"
"resultado_observado";"Resultado observado: H = local, D = empate, A = visitante"
"obs_local";"1 si gano el local, 0 si no"
"obs_empate";"1 si hubo empate, 0 si no"
"obs_visitante";"1 si gano el visitante, 0 si no"
