"intervalo";"n";"prob_media";"freq_real";"casa";"resultado";"nivel";"tipo"
"[0.382,0.492]";"77";"0,4350";"0,5195";"B365";"Local";"Baja";"Bruta"
"(0.492,0.603]";"60";"0,5440";"0,5167";"B365";"Local";"Baja";"Bruta"
"(0.603,0.713]";"37";"0,6418";"0,4865";"B365";"Local";"Baja";"Bruta"
"(0.713,0.824]";"38";"0,7580";"0,7105";"B365";"Local";"Baja";"Bruta"
"(0.824,0.935]";"23";"0,8728";"0,8696";"B365";"Local";"Baja";"Bruta"
"[0.357,0.47]";"73";"0,4136";"0,5068";"B365";"Local";"Baja";"Norm_Log"
"(0.47,0.583]";"61";"0,5195";"0,5410";"B365";"Local";"Baja";"Norm_Log"
"(0.583,0.696]";"42";"0,6246";"0,5000";"B365";"Local";"Baja";"Norm_Log"
"(0.696,0.809]";"36";"0,7447";"0,6944";"B365";"Local";"Baja";"Norm_Log"
"(0.809,0.922]";"23";"0,8590";"0,8696";"B365";"Local";"Baja";"Norm_Log"
"[0.263,0.285]";"13";"0,2718";"0,3846";"B365";"Local";"Media";"Bruta"
"(0.285,0.306]";"16";"0,2921";"0,1875";"B365";"Local";"Media";"Bruta"
"(0.306,0.327]";"8";"0,3201";"0,1250";"B365";"Local";"Media";"Bruta"
"(0.327,0.349]";"18";"0,3410";"0,1667";"B365";"Local";"Media";"Bruta"
"(0.349,0.37]";"15";"0,3615";"0,2667";"B365";"Local";"Media";"Bruta"
"[0.244,0.267]";"14";"0,2544";"0,4286";"B365";"Local";"Media";"Norm_Log"
"(0.267,0.29]";"15";"0,2749";"0,1333";"B365";"Local";"Media";"Norm_Log"
"(0.29,0.312]";"8";"0,3021";"0,1250";"B365";"Local";"Media";"Norm_Log"
"(0.312,0.335]";"18";"0,3225";"0,1667";"B365";"Local";"Media";"Norm_Log"
"(0.335,0.358]";"15";"0,3440";"0,2667";"B365";"Local";"Media";"Norm_Log"
"[0.0476,0.0894]";"7";"0,0680";"0,0000";"B365";"Local";"Alta";"Bruta"
"(0.0894,0.131]";"11";"0,1119";"0,0909";"B365";"Local";"Alta";"Bruta"
"(0.131,0.173]";"17";"0,1503";"0,1176";"B365";"Local";"Alta";"Bruta"
"(0.173,0.215]";"21";"0,1940";"0,0476";"B365";"Local";"Alta";"Bruta"
"(0.215,0.256]";"16";"0,2365";"0,3125";"B365";"Local";"Alta";"Bruta"
"[0.0309,0.0724]";"7";"0,0509";"0,0000";"B365";"Local";"Alta";"Norm_Log"
"(0.0724,0.114]";"11";"0,0941";"0,0909";"B365";"Local";"Alta";"Norm_Log"
"(0.114,0.155]";"17";"0,1327";"0,1176";"B365";"Local";"Alta";"Norm_Log"
"(0.155,0.197]";"21";"0,1763";"0,0476";"B365";"Local";"Alta";"Norm_Log"
"(0.197,0.238]";"16";"0,2188";"0,3125";"B365";"Local";"Alta";"Norm_Log"
"[0.263,0.277]";"46";"0,2653";"0,1522";"B365";"Empate";"Media";"Bruta"
"(0.277,0.291]";"72";"0,2822";"0,3472";"B365";"Empate";"Media";"Bruta"
"(0.291,0.305]";"63";"0,2978";"0,3016";"B365";"Empate";"Media";"Bruta"
"(0.305,0.319]";"31";"0,3099";"0,1935";"B365";"Empate";"Media";"Bruta"
"(0.319,0.333]";"23";"0,3245";"0,1304";"B365";"Empate";"Media";"Bruta"
"[0.235,0.252]";"46";"0,2458";"0,1304";"B365";"Empate";"Media";"Norm_Log"
"(0.252,0.269]";"70";"0,2634";"0,3429";"B365";"Empate";"Media";"Norm_Log"
"(0.269,0.287]";"64";"0,2791";"0,2969";"B365";"Empate";"Media";"Norm_Log"
"(0.287,0.304]";"36";"0,2926";"0,2222";"B365";"Empate";"Media";"Norm_Log"
"(0.304,0.321]";"19";"0,3073";"0,1579";"B365";"Empate";"Media";"Norm_Log"
"[0.0909,0.124]";"13";"0,1075";"0,0000";"B365";"Empate";"Alta";"Bruta"
"(0.124,0.157]";"20";"0,1430";"0,1000";"B365";"Empate";"Alta";"Bruta"
"(0.157,0.19]";"16";"0,1708";"0,1250";"B365";"Empate";"Alta";"Bruta"
"(0.19,0.223]";"48";"0,2073";"0,2500";"B365";"Empate";"Alta";"Bruta"
"(0.223,0.256]";"45";"0,2421";"0,2667";"B365";"Empate";"Alta";"Bruta"
"[0.0571,0.0937]";"13";"0,0795";"0,0000";"B365";"Empate";"Alta";"Norm_Log"
"(0.0937,0.13]";"19";"0,1164";"0,1053";"B365";"Empate";"Alta";"Norm_Log"
"(0.13,0.167]";"21";"0,1505";"0,1905";"B365";"Empate";"Alta";"Norm_Log"
"(0.167,0.203]";"41";"0,1857";"0,2195";"B365";"Empate";"Alta";"Norm_Log"
"(0.203,0.24]";"48";"0,2213";"0,2708";"B365";"Empate";"Alta";"Norm_Log"
"[0.382,0.486]";"57";"0,4210";"0,5088";"B365";"Visitante";"Baja";"Bruta"
"(0.486,0.589]";"36";"0,5308";"0,5278";"B365";"Visitante";"Baja";"Bruta"
"(0.589,0.693]";"27";"0,6374";"0,7037";"B365";"Visitante";"Baja";"Bruta"
"(0.693,0.797]";"16";"0,7347";"0,7500";"B365";"Visitante";"Baja";"Bruta"
"(0.797,0.901]";"8";"0,8462";"0,8750";"B365";"Visitante";"Baja";"Bruta"
"[0.36,0.465]";"57";"0,4027";"0,5088";"B365";"Visitante";"Baja";"Norm_Log"
"(0.465,0.571]";"35";"0,5114";"0,5143";"B365";"Visitante";"Baja";"Norm_Log"
"(0.571,0.677]";"29";"0,6203";"0,7241";"B365";"Visitante";"Baja";"Norm_Log"
"(0.677,0.782]";"15";"0,7211";"0,7333";"B365";"Visitante";"Baja";"Norm_Log"
"(0.782,0.888]";"8";"0,8317";"0,8750";"B365";"Visitante";"Baja";"Norm_Log"
"[0.263,0.285]";"27";"0,2727";"0,1852";"B365";"Visitante";"Media";"Bruta"
"(0.285,0.306]";"19";"0,2947";"0,3158";"B365";"Visitante";"Media";"Bruta"
"(0.306,0.327]";"11";"0,3167";"0,1818";"B365";"Visitante";"Media";"Bruta"
"(0.327,0.349]";"18";"0,3418";"0,2222";"B365";"Visitante";"Media";"Bruta"
"(0.349,0.37]";"13";"0,3632";"0,2308";"B365";"Visitante";"Media";"Bruta"
"[0.243,0.265]";"27";"0,2549";"0,1852";"B365";"Visitante";"Media";"Norm_Log"
"(0.265,0.287]";"19";"0,2764";"0,3158";"B365";"Visitante";"Media";"Norm_Log"
"(0.287,0.309]";"11";"0,2985";"0,1818";"B365";"Visitante";"Media";"Norm_Log"
"(0.309,0.331]";"17";"0,3228";"0,1765";"B365";"Visitante";"Media";"Norm_Log"
"(0.331,0.354]";"14";"0,3442";"0,2857";"B365";"Visitante";"Media";"Norm_Log"
"[0.0385,0.0821]";"25";"0,0619";"0,0400";"B365";"Visitante";"Alta";"Bruta"
"(0.0821,0.126]";"32";"0,1074";"0,0938";"B365";"Visitante";"Alta";"Bruta"
"(0.126,0.169]";"22";"0,1547";"0,1364";"B365";"Visitante";"Alta";"Bruta"
"(0.169,0.213]";"38";"0,1923";"0,2632";"B365";"Visitante";"Alta";"Bruta"
"(0.213,0.256]";"28";"0,2361";"0,1786";"B365";"Visitante";"Alta";"Bruta"
"[0.0205,0.0643]";"25";"0,0450";"0,0400";"B365";"Visitante";"Alta";"Norm_Log"
"(0.0643,0.108]";"27";"0,0872";"0,1111";"B365";"Visitante";"Alta";"Norm_Log"
"(0.108,0.152]";"29";"0,1327";"0,1379";"B365";"Visitante";"Alta";"Norm_Log"
"(0.152,0.196]";"36";"0,1757";"0,2500";"B365";"Visitante";"Alta";"Norm_Log"
"(0.196,0.24]";"28";"0,2179";"0,1786";"B365";"Visitante";"Alta";"Norm_Log"
"[0.377,0.484]";"77";"0,4297";"0,4805";"BW";"Local";"Baja";"Bruta"
"(0.484,0.59]";"58";"0,5350";"0,5517";"BW";"Local";"Baja";"Bruta"
"(0.59,0.696]";"44";"0,6371";"0,5000";"BW";"Local";"Baja";"Bruta"
"(0.696,0.803]";"33";"0,7473";"0,6970";"BW";"Local";"Baja";"Bruta"
"(0.803,0.909]";"26";"0,8571";"0,8846";"BW";"Local";"Baja";"Bruta"
"[0.356,0.465]";"77";"0,4099";"0,4805";"BW";"Local";"Baja";"Norm_Log"
"(0.465,0.574]";"58";"0,5162";"0,5517";"BW";"Local";"Baja";"Norm_Log"
"(0.574,0.683]";"44";"0,6193";"0,5000";"BW";"Local";"Baja";"Norm_Log"
"(0.683,0.792]";"33";"0,7321";"0,6970";"BW";"Local";"Baja";"Norm_Log"
"(0.792,0.901]";"26";"0,8454";"0,8846";"BW";"Local";"Baja";"Norm_Log"
"[0.263,0.285]";"15";"0,2717";"0,3333";"BW";"Local";"Media";"Bruta"
"(0.285,0.306]";"14";"0,2955";"0,0714";"BW";"Local";"Media";"Bruta"
"(0.306,0.327]";"7";"0,3169";"0,4286";"BW";"Local";"Media";"Bruta"
"(0.327,0.349]";"16";"0,3393";"0,1250";"BW";"Local";"Media";"Bruta"
"(0.349,0.37]";"17";"0,3595";"0,1765";"BW";"Local";"Media";"Bruta"
"[0.242,0.264]";"16";"0,2526";"0,3125";"BW";"Local";"Media";"Norm_Log"
"(0.264,0.285]";"12";"0,2753";"0,0833";"BW";"Local";"Media";"Norm_Log"
"(0.285,0.307]";"8";"0,2958";"0,3750";"BW";"Local";"Media";"Norm_Log"
"(0.307,0.328]";"14";"0,3191";"0,1429";"BW";"Local";"Media";"Norm_Log"
"(0.328,0.349]";"19";"0,3388";"0,1579";"BW";"Local";"Media";"Norm_Log"
"[0.0556,0.0957]";"9";"0,0796";"0,0000";"BW";"Local";"Alta";"Bruta"
"(0.0957,0.136]";"8";"0,1151";"0,1250";"BW";"Local";"Alta";"Bruta"
"(0.136,0.176]";"21";"0,1553";"0,0952";"BW";"Local";"Alta";"Bruta"
"(0.176,0.216]";"15";"0,1972";"0,0000";"BW";"Local";"Alta";"Bruta"
"(0.216,0.256]";"17";"0,2314";"0,4118";"BW";"Local";"Alta";"Bruta"
"[0.0423,0.0811]";"9";"0,0651";"0,0000";"BW";"Local";"Alta";"Norm_Log"
"(0.0811,0.12]";"9";"0,1013";"0,1111";"BW";"Local";"Alta";"Norm_Log"
"(0.12,0.159]";"20";"0,1390";"0,1000";"BW";"Local";"Alta";"Norm_Log"
"(0.159,0.198]";"15";"0,1791";"0,0000";"BW";"Local";"Alta";"Norm_Log"
"(0.198,0.236]";"17";"0,2128";"0,4118";"BW";"Local";"Alta";"Norm_Log"
"[0.263,0.279]";"65";"0,2722";"0,2462";"BW";"Empate";"Media";"Bruta"
"(0.279,0.296]";"69";"0,2891";"0,2899";"BW";"Empate";"Media";"Bruta"
"(0.296,0.312]";"52";"0,3042";"0,3077";"BW";"Empate";"Media";"Bruta"
"(0.312,0.328]";"34";"0,3181";"0,2059";"BW";"Empate";"Media";"Bruta"
"(0.328,0.345]";"8";"0,3355";"0,0000";"BW";"Empate";"Media";"Bruta"
"[0.24,0.257]";"46";"0,2497";"0,2174";"BW";"Empate";"Media";"Norm_Log"
"(0.257,0.274]";"74";"0,2658";"0,3108";"BW";"Empate";"Media";"Norm_Log"
"(0.274,0.291]";"67";"0,2826";"0,2985";"BW";"Empate";"Media";"Norm_Log"
"(0.291,0.308]";"33";"0,2988";"0,1818";"BW";"Empate";"Media";"Norm_Log"
"(0.308,0.325]";"8";"0,3152";"0,0000";"BW";"Empate";"Media";"Norm_Log"
"[0.0909,0.124]";"12";"0,1084";"0,0000";"BW";"Empate";"Alta";"Bruta"
"(0.124,0.157]";"18";"0,1395";"0,1111";"BW";"Empate";"Alta";"Bruta"
"(0.157,0.19]";"21";"0,1698";"0,1429";"BW";"Empate";"Alta";"Bruta"
"(0.19,0.223]";"44";"0,2081";"0,2727";"BW";"Empate";"Alta";"Bruta"
"(0.223,0.256]";"54";"0,2452";"0,2222";"BW";"Empate";"Alta";"Bruta"
"[0.0716,0.105]";"12";"0,0866";"0,0000";"BW";"Empate";"Alta";"Norm_Log"
"(0.105,0.139]";"22";"0,1218";"0,1364";"BW";"Empate";"Alta";"Norm_Log"
"(0.139,0.173]";"22";"0,1555";"0,1364";"BW";"Empate";"Alta";"Norm_Log"
"(0.173,0.206]";"41";"0,1904";"0,2683";"BW";"Empate";"Alta";"Norm_Log"
"(0.206,0.24]";"52";"0,2256";"0,2308";"BW";"Empate";"Alta";"Norm_Log"
"[0.377,0.479]";"59";"0,4175";"0,4915";"BW";"Visitante";"Baja";"Bruta"
"(0.479,0.58]";"32";"0,5236";"0,5000";"BW";"Visitante";"Baja";"Bruta"
"(0.58,0.682]";"29";"0,6224";"0,6552";"BW";"Visitante";"Baja";"Bruta"
"(0.682,0.783]";"17";"0,7197";"0,7647";"BW";"Visitante";"Baja";"Bruta"
"(0.783,0.885]";"9";"0,8216";"0,8889";"BW";"Visitante";"Baja";"Bruta"
"[0.356,0.46]";"59";"0,3979";"0,4915";"BW";"Visitante";"Baja";"Norm_Log"
"(0.46,0.564]";"34";"0,5079";"0,4706";"BW";"Visitante";"Baja";"Norm_Log"
"(0.564,0.667]";"27";"0,6078";"0,7037";"BW";"Visitante";"Baja";"Norm_Log"
"(0.667,0.771]";"17";"0,7040";"0,7647";"BW";"Visitante";"Baja";"Norm_Log"
"(0.771,0.875]";"9";"0,8090";"0,8889";"BW";"Visitante";"Baja";"Norm_Log"
"[0.263,0.285]";"19";"0,2700";"0,2105";"BW";"Visitante";"Media";"Bruta"
"(0.285,0.306]";"30";"0,2934";"0,3333";"BW";"Visitante";"Media";"Bruta"
"(0.306,0.327]";"11";"0,3148";"0,0909";"BW";"Visitante";"Media";"Bruta"
"(0.327,0.349]";"13";"0,3408";"0,1538";"BW";"Visitante";"Media";"Bruta"
"(0.349,0.37]";"17";"0,3584";"0,3529";"BW";"Visitante";"Media";"Bruta"
"[0.243,0.265]";"24";"0,2540";"0,1667";"BW";"Visitante";"Media";"Norm_Log"
"(0.265,0.287]";"25";"0,2752";"0,4000";"BW";"Visitante";"Media";"Norm_Log"
"(0.287,0.31]";"11";"0,2950";"0,0909";"BW";"Visitante";"Media";"Norm_Log"
"(0.31,0.332]";"15";"0,3222";"0,2000";"BW";"Visitante";"Media";"Norm_Log"
"(0.332,0.354]";"15";"0,3397";"0,3333";"BW";"Visitante";"Media";"Norm_Log"
"[0.0385,0.0821]";"24";"0,0594";"0,0417";"BW";"Visitante";"Alta";"Bruta"
"(0.0821,0.126]";"27";"0,1047";"0,0741";"BW";"Visitante";"Alta";"Bruta"
"(0.126,0.169]";"23";"0,1504";"0,0870";"BW";"Visitante";"Alta";"Bruta"
"(0.169,0.213]";"42";"0,1900";"0,2857";"BW";"Visitante";"Alta";"Bruta"
"(0.213,0.256]";"25";"0,2360";"0,1200";"BW";"Visitante";"Alta";"Bruta"
"[0.027,0.069]";"24";"0,0460";"0,0417";"BW";"Visitante";"Alta";"Norm_Log"
"(0.069,0.111]";"28";"0,0897";"0,0714";"BW";"Visitante";"Alta";"Norm_Log"
"(0.111,0.153]";"23";"0,1347";"0,0870";"BW";"Visitante";"Alta";"Norm_Log"
"(0.153,0.195]";"41";"0,1726";"0,2927";"BW";"Visitante";"Alta";"Norm_Log"
"(0.195,0.237]";"25";"0,2168";"0,1200";"BW";"Visitante";"Alta";"Norm_Log"
"[0.377,0.484]";"81";"0,4261";"0,4938";"IW";"Local";"Baja";"Bruta"
"(0.484,0.59]";"62";"0,5382";"0,5484";"IW";"Local";"Baja";"Bruta"
"(0.59,0.696]";"37";"0,6345";"0,5405";"IW";"Local";"Baja";"Bruta"
"(0.696,0.803]";"35";"0,7500";"0,6571";"IW";"Local";"Baja";"Bruta"
"(0.803,0.909]";"22";"0,8548";"0,9091";"IW";"Local";"Baja";"Bruta"
"[0.359,0.467]";"81";"0,4089";"0,4938";"IW";"Local";"Baja";"Norm_Log"
"(0.467,0.574]";"62";"0,5215";"0,5484";"IW";"Local";"Baja";"Norm_Log"
"(0.574,0.682]";"37";"0,6187";"0,5405";"IW";"Local";"Baja";"Norm_Log"
"(0.682,0.79]";"35";"0,7359";"0,6571";"IW";"Local";"Baja";"Norm_Log"
"(0.79,0.898]";"22";"0,8430";"0,9091";"IW";"Local";"Baja";"Norm_Log"
"[0.263,0.285]";"13";"0,2724";"0,3077";"IW";"Local";"Media";"Bruta"
"(0.285,0.306]";"16";"0,2937";"0,2500";"IW";"Local";"Media";"Bruta"
"(0.306,0.327]";"9";"0,3164";"0,2222";"IW";"Local";"Media";"Bruta"
"(0.327,0.349]";"19";"0,3367";"0,1579";"IW";"Local";"Media";"Bruta"
"(0.349,0.37]";"13";"0,3563";"0,1538";"IW";"Local";"Media";"Bruta"
"[0.246,0.267]";"15";"0,2574";"0,2667";"IW";"Local";"Media";"Norm_Log"
"(0.267,0.289]";"14";"0,2780";"0,2857";"IW";"Local";"Media";"Norm_Log"
"(0.289,0.31]";"10";"0,3000";"0,2000";"IW";"Local";"Media";"Norm_Log"
"(0.31,0.332]";"18";"0,3205";"0,1667";"IW";"Local";"Media";"Norm_Log"
"(0.332,0.353]";"13";"0,3390";"0,1538";"IW";"Local";"Media";"Norm_Log"
"[0.0526,0.0941]";"9";"0,0753";"0,0000";"IW";"Local";"Alta";"Bruta"
"(0.0941,0.135]";"11";"0,1208";"0,0909";"IW";"Local";"Alta";"Bruta"
"(0.135,0.177]";"15";"0,1573";"0,0667";"IW";"Local";"Alta";"Bruta"
"(0.177,0.218]";"26";"0,2022";"0,1538";"IW";"Local";"Alta";"Bruta"
"(0.218,0.26]";"9";"0,2404";"0,3333";"IW";"Local";"Alta";"Bruta"
"[0.0414,0.0821]";"9";"0,0613";"0,0000";"IW";"Local";"Alta";"Norm_Log"
"(0.0821,0.123]";"11";"0,1051";"0,0909";"IW";"Local";"Alta";"Norm_Log"
"(0.123,0.163]";"15";"0,1420";"0,0667";"IW";"Local";"Alta";"Norm_Log"
"(0.163,0.204]";"26";"0,1857";"0,1538";"IW";"Local";"Alta";"Norm_Log"
"(0.204,0.245]";"9";"0,2243";"0,3333";"IW";"Local";"Alta";"Norm_Log"
"[0.263,0.278]";"46";"0,2712";"0,1739";"IW";"Empate";"Media";"Bruta"
"(0.278,0.293]";"54";"0,2862";"0,2593";"IW";"Empate";"Media";"Bruta"
"(0.293,0.309]";"71";"0,3007";"0,3944";"IW";"Empate";"Media";"Bruta"
"(0.309,0.324]";"35";"0,3165";"0,1429";"IW";"Empate";"Media";"Bruta"
"(0.324,0.339]";"22";"0,3306";"0,1818";"IW";"Empate";"Media";"Bruta"
"[0.244,0.259]";"35";"0,2515";"0,2000";"IW";"Empate";"Media";"Norm_Log"
"(0.259,0.275]";"66";"0,2678";"0,2424";"IW";"Empate";"Media";"Norm_Log"
"(0.275,0.291]";"60";"0,2826";"0,4167";"IW";"Empate";"Media";"Norm_Log"
"(0.291,0.306]";"45";"0,2972";"0,1556";"IW";"Empate";"Media";"Norm_Log"
"(0.306,0.322]";"22";"0,3135";"0,1818";"IW";"Empate";"Media";"Norm_Log"
"[0.105,0.136]";"16";"0,1195";"0,0625";"IW";"Empate";"Alta";"Bruta"
"(0.136,0.167]";"24";"0,1563";"0,0833";"IW";"Empate";"Alta";"Bruta"
"(0.167,0.198]";"20";"0,1850";"0,2500";"IW";"Empate";"Alta";"Bruta"
"(0.198,0.229]";"39";"0,2151";"0,2051";"IW";"Empate";"Alta";"Bruta"
"(0.229,0.26]";"50";"0,2477";"0,2600";"IW";"Empate";"Alta";"Bruta"
"[0.0783,0.112]";"15";"0,0967";"0,0667";"IW";"Empate";"Alta";"Norm_Log"
"(0.112,0.145]";"22";"0,1328";"0,0909";"IW";"Empate";"Alta";"Norm_Log"
"(0.145,0.179]";"25";"0,1644";"0,2400";"IW";"Empate";"Alta";"Norm_Log"
"(0.179,0.212]";"37";"0,1972";"0,1892";"IW";"Empate";"Alta";"Norm_Log"
"(0.212,0.245]";"50";"0,2297";"0,2600";"IW";"Empate";"Alta";"Norm_Log"
"[0.377,0.476]";"54";"0,4171";"0,5000";"IW";"Visitante";"Baja";"Bruta"
"(0.476,0.574]";"31";"0,5137";"0,5484";"IW";"Visitante";"Baja";"Bruta"
"(0.574,0.673]";"30";"0,6166";"0,6667";"IW";"Visitante";"Baja";"Bruta"
"(0.673,0.771]";"16";"0,7206";"0,6875";"IW";"Visitante";"Baja";"Bruta"
"(0.771,0.87]";"9";"0,8206";"1,0000";"IW";"Visitante";"Baja";"Bruta"
"[0.359,0.46]";"57";"0,4031";"0,5088";"IW";"Visitante";"Baja";"Norm_Log"
"(0.46,0.56]";"28";"0,5013";"0,5357";"IW";"Visitante";"Baja";"Norm_Log"
"(0.56,0.66]";"30";"0,6006";"0,6667";"IW";"Visitante";"Baja";"Norm_Log"
"(0.66,0.76]";"16";"0,7061";"0,6875";"IW";"Visitante";"Baja";"Norm_Log"
"(0.76,0.86]";"9";"0,8078";"1,0000";"IW";"Visitante";"Baja";"Norm_Log"
"[0.263,0.285]";"26";"0,2756";"0,1538";"IW";"Visitante";"Media";"Bruta"
"(0.285,0.306]";"19";"0,2917";"0,3158";"IW";"Visitante";"Media";"Bruta"
"(0.306,0.327]";"10";"0,3141";"0,4000";"IW";"Visitante";"Media";"Bruta"
"(0.327,0.349]";"20";"0,3377";"0,1000";"IW";"Visitante";"Media";"Bruta"
"(0.349,0.37]";"18";"0,3605";"0,3333";"IW";"Visitante";"Media";"Bruta"
"[0.245,0.266]";"25";"0,2579";"0,1200";"IW";"Visitante";"Media";"Norm_Log"
"(0.266,0.288]";"20";"0,2741";"0,3500";"IW";"Visitante";"Media";"Norm_Log"
"(0.288,0.31]";"10";"0,2975";"0,4000";"IW";"Visitante";"Media";"Norm_Log"
"(0.31,0.332]";"21";"0,3210";"0,1429";"IW";"Visitante";"Media";"Norm_Log"
"(0.332,0.354]";"17";"0,3440";"0,2941";"IW";"Visitante";"Media";"Norm_Log"
"[0.037,0.0816]";"21";"0,0608";"0,0476";"IW";"Visitante";"Alta";"Bruta"
"(0.0816,0.126]";"28";"0,1043";"0,0714";"IW";"Visitante";"Alta";"Bruta"
"(0.126,0.171]";"26";"0,1516";"0,1538";"IW";"Visitante";"Alta";"Bruta"
"(0.171,0.215]";"36";"0,1930";"0,1944";"IW";"Visitante";"Alta";"Bruta"
"(0.215,0.26]";"33";"0,2375";"0,2424";"IW";"Visitante";"Alta";"Bruta"
"[0.024,0.0678]";"23";"0,0492";"0,0435";"IW";"Visitante";"Alta";"Norm_Log"
"(0.0678,0.112]";"25";"0,0901";"0,0800";"IW";"Visitante";"Alta";"Norm_Log"
"(0.112,0.155]";"27";"0,1350";"0,1481";"IW";"Visitante";"Alta";"Norm_Log"
"(0.155,0.199]";"37";"0,1775";"0,2162";"IW";"Visitante";"Alta";"Norm_Log"
"(0.199,0.243]";"32";"0,2214";"0,2188";"IW";"Visitante";"Alta";"Norm_Log"
