"casa";"resultado";"nivel";"n";"bs_bruta";"ece_bruta";"bs_norm_log";"ece_norm_log"
"B365";"Local";"Baja";"235";"0,23077";"0,06710";"0,23081";"0,06554"
"B365";"Local";"Media";"70";"0,18832";"0,13229";"0,18545";"0,14205"
"B365";"Local";"Alta";"72";"0,10511";"0,07713";"0,10384";"0,06736"
"B365";"Empate";"Baja";"0";NA;NA;NA;NA
"B365";"Empate";"Media";"235";"0,19188";"0,07742";"0,19079";"0,07398"
"B365";"Empate";"Alta";"142";"0,15423";"0,04329";"0,15466";"0,04117"
"B365";"Visitante";"Baja";"144";"0,23046";"0,05124";"0,23256";"0,06728"
"B365";"Visitante";"Media";"88";"0,18402";"0,09229";"0,18115";"0,08205"
"B365";"Visitante";"Alta";"145";"0,12362";"0,03924";"0,12395";"0,03239"
"BW";"Local";"Baja";"238";"0,23078";"0,05583";"0,23080";"0,06270"
"BW";"Local";"Media";"69";"0,17892";"0,16497";"0,17496";"0,14203"
"BW";"Local";"Alta";"70";"0,11368";"0,11546";"0,11327";"0,10748"
"BW";"Empate";"Baja";"0";NA;NA;NA;NA
"BW";"Empate";"Media";"228";"0,19413";"0,03696";"0,19310";"0,05379"
"BW";"Empate";"Alta";"149";"0,15276";"0,04336";"0,15296";"0,03520"
"BW";"Visitante";"Baja";"146";"0,22843";"0,05098";"0,23029";"0,07624"
"BW";"Visitante";"Media";"90";"0,19332";"0,08128";"0,19145";"0,10433"
"BW";"Visitante";"Alta";"141";"0,11830";"0,06829";"0,11828";"0,06423"
"IW";"Local";"Baja";"237";"0,23004";"0,05924";"0,23034";"0,06604"
"IW";"Local";"Media";"70";"0,18311";"0,11479";"0,17998";"0,09176"
"IW";"Local";"Alta";"70";"0,10595";"0,06372";"0,10496";"0,05211"
"IW";"Empate";"Baja";"0";NA;NA;NA;NA
"IW";"Empate";"Media";"228";"0,19416";"0,09619";"0,19324";"0,09120"
"IW";"Empate";"Alta";"149";"0,15297";"0,03335";"0,15309";"0,03405"
"IW";"Visitante";"Baja";"140";"0,23000";"0,06571";"0,23209";"0,07856"
"IW";"Visitante";"Media";"93";"0,18609";"0,10459";"0,18367";"0,11375"
"IW";"Visitante";"Alta";"144";"0,12429";"0,01019";"0,12434";"0,01564"
