"fila_original";"Date";"HomeTeam";"AwayTeam";"sin_duplicado";"cuotas_validas";"medio_tiempo_ok";"resultado_final_ok";"conservado";"motivo_eliminacion"
"1";"13/08/2021";"Brentford";"Arsenal";"1";"1";"1";"1";"1";""
"2";"14/08/2021";"Man United";"Leeds";"1";"1";"1";"1";"1";""
"3";"14/08/2021";"Burnley";"Brighton";"1";"1";"1";"1";"1";""
"4";"14/08/2021";"Chelsea";"Crystal Palace";"1";"1";"1";"1";"1";""
"5";"14/08/2021";"Everton";"Southampton";"1";"1";"1";"1";"1";""
"6";"14/08/2021";"Leicester";"Wolves";"1";"1";"1";"1";"1";""
"7";"14/08/2021";"Watford";"Aston Villa";"1";"1";"1";"1";"1";""
"8";"14/08/2021";"Norwich";"Liverpool";"1";"1";"1";"1";"1";""
"9";"15/08/2021";"Newcastle";"West Ham";"1";"1";"1";"1";"1";""
"10";"15/08/2021";"Tottenham";"Man City";"1";"1";"1";"1";"1";""
"11";"21/08/2021";"Liverpool";"Burnley";"1";"1";"1";"1";"1";""
"12";"21/08/2021";"Aston Villa";"Newcastle";"1";"1";"1";"1";"1";""
"13";"21/08/2021";"Crystal Palace";"Brentford";"1";"1";"1";"1";"1";""
"14";"21/08/2021";"Leeds";"Everton";"1";"1";"1";"1";"1";""
"15";"21/08/2021";"Man City";"Norwich";"1";"1";"1";"1";"1";""
"16";"21/08/2021";"Brighton";"Watford";"1";"1";"1";"1";"1";""
"17";"22/08/2021";"Southampton";"Man United";"1";"1";"1";"1";"1";""
"18";"22/08/2021";"Wolves";"Tottenham";"1";"1";"1";"1";"1";""
"19";"22/08/2021";"Arsenal";"Chelsea";"1";"1";"1";"1";"1";""
"20";"23/08/2021";"West Ham";"Leicester";"1";"1";"1";"1";"1";""
"21";"28/08/2021";"Man City";"Arsenal";"1";"1";"1";"1";"1";""
"22";"28/08/2021";"Aston Villa";"Brentford";"1";"1";"1";"1";"1";""
"23";"28/08/2021";"Brighton";"Everton";"1";"1";"1";"1";"1";""
"24";"28/08/2021";"Newcastle";"Southampton";"1";"1";"1";"1";"1";""
"25";"28/08/2021";"Norwich";"Leicester";"1";"1";"1";"1";"1";""
"26";"28/08/2021";"West Ham";"Crystal Palace";"1";"1";"1";"1";"1";""
"27";"28/08/2021";"Liverpool";"Chelsea";"1";"1";"1";"1";"1";""
"28";"29/08/2021";"Burnley";"Leeds";"1";"1";"1";"1";"1";""
"29";"29/08/2021";"Tottenham";"Watford";"1";"1";"1";"1";"1";""
"30";"29/08/2021";"Wolves";"Man United";"1";"1";"1";"1";"1";""
"31";"11/09/2021";"Crystal Palace";"Tottenham";"1";"1";"1";"1";"1";""
"32";"11/09/2021";"Arsenal";"Norwich";"1";"1";"1";"1";"1";""
"33";"11/09/2021";"Brentford";"Brighton";"1";"1";"1";"1";"1";""
"34";"11/09/2021";"Leicester";"Man City";"1";"1";"1";"1";"1";""
"35";"11/09/2021";"Man United";"Newcastle";"1";"1";"1";"1";"1";""
"36";"11/09/2021";"Southampton";"West Ham";"1";"1";"1";"1";"1";""
"37";"11/09/2021";"Watford";"Wolves";"1";"1";"1";"1";"1";""
"38";"11/09/2021";"Chelsea";"Aston Villa";"1";"1";"1";"1";"1";""
"39";"12/09/2021";"Leeds";"Liverpool";"1";"1";"1";"1";"1";""
"40";"13/09/2021";"Everton";"Burnley";"1";"1";"1";"1";"1";""
"41";"17/09/2021";"Newcastle";"Leeds";"1";"1";"1";"1";"1";""
"42";"18/09/2021";"Wolves";"Brentford";"1";"1";"1";"1";"1";""
"43";"18/09/2021";"Burnley";"Arsenal";"1";"1";"1";"1";"1";""
"44";"18/09/2021";"Liverpool";"Crystal Palace";"1";"1";"1";"1";"1";""
"45";"18/09/2021";"Man City";"Southampton";"1";"1";"1";"1";"1";""
"46";"18/09/2021";"Norwich";"Watford";"1";"1";"1";"1";"1";""
"47";"18/09/2021";"Aston Villa";"Everton";"1";"1";"1";"1";"1";""
"48";"19/09/2021";"Brighton";"Leicester";"1";"1";"1";"1";"1";""
"49";"19/09/2021";"West Ham";"Man United";"1";"1";"1";"1";"1";""
"50";"19/09/2021";"Tottenham";"Chelsea";"1";"1";"1";"1";"1";""
"51";"25/09/2021";"Chelsea";"Man City";"1";"1";"1";"1";"1";""
"52";"25/09/2021";"Man United";"Aston Villa";"1";"1";"1";"1";"1";""
"53";"25/09/2021";"Everton";"Norwich";"1";"1";"1";"1";"1";""
"54";"25/09/2021";"Leeds";"West Ham";"1";"1";"1";"1";"1";""
"55";"25/09/2021";"Leicester";"Burnley";"1";"1";"1";"1";"1";""
"56";"25/09/2021";"Watford";"Newcastle";"1";"1";"1";"1";"1";""
"57";"25/09/2021";"Brentford";"Liverpool";"1";"1";"1";"1";"1";""
"58";"26/09/2021";"Southampton";"Wolves";"1";"1";"1";"1";"1";""
"59";"26/09/2021";"Arsenal";"Tottenham";"1";"1";"1";"1";"1";""
"60";"27/09/2021";"Crystal Palace";"Brighton";"1";"1";"1";"1";"1";""
"61";"02/10/2021";"Man United";"Everton";"1";"1";"1";"1";"1";""
"62";"02/10/2021";"Burnley";"Norwich";"1";"1";"1";"1";"1";""
"63";"02/10/2021";"Chelsea";"Southampton";"1";"1";"1";"1";"1";""
"64";"02/10/2021";"Leeds";"Watford";"1";"1";"1";"1";"1";""
"65";"02/10/2021";"Wolves";"Newcastle";"1";"1";"1";"1";"1";""
"66";"02/10/2021";"Brighton";"Arsenal";"1";"1";"1";"1";"1";""
"67";"03/10/2021";"Crystal Palace";"Leicester";"1";"1";"1";"1";"1";""
"68";"03/10/2021";"Tottenham";"Aston Villa";"1";"1";"1";"1";"1";""
"69";"03/10/2021";"West Ham";"Brentford";"1";"1";"1";"1";"1";""
"70";"03/10/2021";"Liverpool";"Man City";"1";"1";"1";"1";"1";""
"71";"16/10/2021";"Watford";"Liverpool";"1";"1";"1";"1";"1";""
"72";"16/10/2021";"Aston Villa";"Wolves";"1";"1";"1";"1";"1";""
"73";"16/10/2021";"Leicester";"Man United";"1";"1";"1";"1";"1";""
"74";"16/10/2021";"Man City";"Burnley";"1";"1";"1";"1";"1";""
"75";"16/10/2021";"Norwich";"Brighton";"1";"1";"1";"1";"1";""
"76";"16/10/2021";"Southampton";"Leeds";"1";"1";"1";"1";"1";""
"77";"16/10/2021";"Brentford";"Chelsea";"1";"1";"1";"1";"1";""
"78";"17/10/2021";"Everton";"West Ham";"1";"1";"1";"1";"1";""
"79";"17/10/2021";"Newcastle";"Tottenham";"1";"1";"1";"1";"1";""
"80";"18/10/2021";"Arsenal";"Crystal Palace";"1";"1";"1";"1";"1";""
"81";"22/10/2021";"Arsenal";"Aston Villa";"1";"1";"1";"1";"1";""
"82";"23/10/2021";"Chelsea";"Norwich";"1";"1";"1";"1";"1";""
"83";"23/10/2021";"Crystal Palace";"Newcastle";"1";"1";"1";"1";"1";""
"84";"23/10/2021";"Everton";"Watford";"1";"1";"1";"1";"1";""
"85";"23/10/2021";"Leeds";"Wolves";"1";"1";"1";"1";"1";""
"86";"23/10/2021";"Southampton";"Burnley";"1";"1";"1";"1";"1";""
"87";"23/10/2021";"Brighton";"Man City";"1";"1";"1";"1";"1";""
"88";"24/10/2021";"Brentford";"Leicester";"1";"1";"1";"1";"1";""
"89";"24/10/2021";"West Ham";"Tottenham";"1";"1";"1";"1";"1";""
"90";"24/10/2021";"Man United";"Liverpool";"1";"1";"1";"1";"1";""
"91";"30/10/2021";"Leicester";"Arsenal";"1";"1";"1";"1";"1";""
"92";"30/10/2021";"Burnley";"Brentford";"1";"1";"1";"1";"1";""
"93";"30/10/2021";"Liverpool";"Brighton";"1";"1";"1";"1";"1";""
"94";"30/10/2021";"Man City";"Crystal Palace";"1";"1";"1";"1";"1";""
"95";"30/10/2021";"Newcastle";"Chelsea";"1";"1";"1";"1";"1";""
"96";"30/10/2021";"Watford";"Southampton";"1";"1";"1";"1";"1";""
"97";"30/10/2021";"Tottenham";"Man United";"1";"1";"1";"1";"1";""
"98";"31/10/2021";"Norwich";"Leeds";"1";"1";"1";"1";"1";""
"99";"31/10/2021";"Aston Villa";"West Ham";"1";"1";"1";"1";"1";""
"100";"01/11/2021";"Wolves";"Everton";"1";"1";"1";"1";"1";""
"101";"05/11/2021";"Southampton";"Aston Villa";"1";"1";"1";"1";"1";""
"102";"06/11/2021";"Man United";"Man City";"1";"1";"1";"1";"1";""
"103";"06/11/2021";"Brentford";"Norwich";"1";"1";"1";"1";"1";""
"104";"06/11/2021";"Chelsea";"Burnley";"1";"1";"1";"1";"1";""
"105";"06/11/2021";"Crystal Palace";"Wolves";"1";"1";"1";"1";"1";""
"106";"06/11/2021";"Brighton";"Newcastle";"1";"1";"1";"1";"1";""
"107";"07/11/2021";"Arsenal";"Watford";"1";"1";"1";"1";"1";""
"108";"07/11/2021";"Everton";"Tottenham";"1";"1";"1";"1";"1";""
"109";"07/11/2021";"Leeds";"Leicester";"1";"1";"1";"1";"1";""
"110";"07/11/2021";"West Ham";"Liverpool";"1";"1";"1";"1";"1";""
"111";"20/11/2021";"Leicester";"Chelsea";"1";"1";"1";"1";"1";""
"112";"20/11/2021";"Aston Villa";"Brighton";"1";"1";"1";"1";"1";""
"113";"20/11/2021";"Burnley";"Crystal Palace";"1";"1";"1";"1";"1";""
"114";"20/11/2021";"Newcastle";"Brentford";"1";"1";"1";"1";"1";""
"115";"20/11/2021";"Norwich";"Southampton";"1";"1";"1";"1";"1";""
"116";"20/11/2021";"Watford";"Man United";"1";"1";"1";"1";"1";""
"117";"20/11/2021";"Wolves";"West Ham";"1";"1";"1";"1";"1";""
"118";"20/11/2021";"Liverpool";"Arsenal";"1";"1";"1";"1";"1";""
"119";"21/11/2021";"Man City";"Everton";"1";"1";"1";"1";"1";""
"120";"21/11/2021";"Tottenham";"Leeds";"1";"1";"1";"1";"1";""
"121";"27/11/2021";"Arsenal";"Newcastle";"1";"1";"1";"1";"1";""
"122";"27/11/2021";"Crystal Palace";"Aston Villa";"1";"1";"1";"1";"1";""
"123";"27/11/2021";"Liverpool";"Southampton";"1";"1";"1";"1";"1";""
"124";"27/11/2021";"Norwich";"Wolves";"1";"1";"1";"1";"1";""
"125";"27/11/2021";"Brighton";"Leeds";"1";"1";"1";"1";"1";""
"126";"28/11/2021";"Brentford";"Everton";"1";"1";"1";"1";"1";""
"127";"28/11/2021";"Leicester";"Watford";"1";"1";"1";"1";"1";""
"128";"28/11/2021";"Man City";"West Ham";"1";"1";"1";"1";"1";""
"129";"28/11/2021";"Chelsea";"Man United";"1";"1";"1";"1";"1";""
"130";"30/11/2021";"Newcastle";"Norwich";"1";"1";"1";"1";"1";""
"131";"30/11/2021";"Leeds";"Crystal Palace";"1";"1";"1";"1";"1";""
"132";"01/12/2021";"Southampton";"Leicester";"1";"1";"1";"1";"1";""
"133";"01/12/2021";"Watford";"Chelsea";"1";"1";"1";"1";"1";""
"134";"01/12/2021";"West Ham";"Brighton";"1";"1";"1";"1";"1";""
"135";"01/12/2021";"Wolves";"Burnley";"1";"1";"1";"1";"1";""
"136";"01/12/2021";"Aston Villa";"Man City";"1";"1";"1";"1";"1";""
"137";"01/12/2021";"Everton";"Liverpool";"1";"1";"1";"1";"1";""
"138";"02/12/2021";"Tottenham";"Brentford";"1";"1";"1";"1";"1";""
"139";"02/12/2021";"Man United";"Arsenal";"1";"1";"1";"1";"1";""
"140";"04/12/2021";"West Ham";"Chelsea";"1";"1";"1";"1";"1";""
"141";"04/12/2021";"Newcastle";"Burnley";"1";"1";"1";"1";"1";""
"142";"04/12/2021";"Southampton";"Brighton";"1";"1";"1";"1";"1";""
"143";"04/12/2021";"Wolves";"Liverpool";"1";"1";"1";"1";"1";""
"144";"04/12/2021";"Watford";"Man City";"1";"1";"1";"1";"1";""
"145";"05/12/2021";"Leeds";"Brentford";"1";"1";"1";"1";"1";""
"146";"05/12/2021";"Man United";"Crystal Palace";"1";"1";"1";"1";"1";""
"147";"05/12/2021";"Tottenham";"Norwich";"1";"1";"1";"1";"1";""
"148";"05/12/2021";"Aston Villa";"Leicester";"1";"1";"1";"1";"1";""
"149";"06/12/2021";"Everton";"Arsenal";"1";"1";"1";"1";"1";""
"150";"10/12/2021";"Brentford";"Watford";"1";"1";"1";"1";"1";""
"151";"11/12/2021";"Man City";"Wolves";"1";"1";"1";"1";"1";""
"152";"11/12/2021";"Arsenal";"Southampton";"1";"1";"1";"1";"1";""
"153";"11/12/2021";"Chelsea";"Leeds";"1";"1";"1";"1";"1";""
"154";"11/12/2021";"Liverpool";"Aston Villa";"1";"1";"1";"1";"1";""
"155";"11/12/2021";"Norwich";"Man United";"1";"1";"1";"1";"1";""
"156";"12/12/2021";"Burnley";"West Ham";"1";"1";"1";"1";"1";""
"157";"12/12/2021";"Leicester";"Newcastle";"1";"1";"1";"1";"1";""
"158";"12/12/2021";"Crystal Palace";"Everton";"1";"1";"1";"1";"1";""
"159";"14/12/2021";"Norwich";"Aston Villa";"1";"1";"1";"1";"1";""
"160";"14/12/2021";"Man City";"Leeds";"1";"1";"1";"1";"1";""
"161";"15/12/2021";"Brighton";"Wolves";"1";"1";"1";"1";"1";""
"162";"15/12/2021";"Crystal Palace";"Southampton";"1";"1";"1";"1";"1";""
"163";"15/12/2021";"Arsenal";"West Ham";"1";"1";"1";"1";"1";""
"164";"16/12/2021";"Chelsea";"Everton";"1";"1";"1";"1";"1";""
"165";"16/12/2021";"Liverpool";"Newcastle";"1";"1";"1";"1";"1";""
"166";"18/12/2021";"Leeds";"Arsenal";"1";"1";"1";"1";"1";""
"167";"19/12/2021";"Newcastle";"Man City";"1";"1";"1";"1";"1";""
"168";"19/12/2021";"Wolves";"Chelsea";"1";"1";"1";"1";"1";""
"169";"19/12/2021";"Tottenham";"Liverpool";"1";"1";"1";"1";"1";""
"170";"26/12/2021";"Man City";"Leicester";"1";"1";"1";"1";"1";""
"171";"26/12/2021";"Norwich";"Arsenal";"1";"1";"1";"1";"1";""
"172";"26/12/2021";"Tottenham";"Crystal Palace";"1";"1";"1";"1";"1";""
"173";"26/12/2021";"West Ham";"Southampton";"1";"1";"1";"1";"1";""
"174";"26/12/2021";"Aston Villa";"Chelsea";"1";"1";"1";"1";"1";""
"175";"26/12/2021";"Brighton";"Brentford";"1";"1";"1";"1";"1";""
"176";"27/12/2021";"Newcastle";"Man United";"1";"1";"1";"1";"1";""
"177";"28/12/2021";"Crystal Palace";"Norwich";"1";"1";"1";"1";"1";""
"178";"28/12/2021";"Southampton";"Tottenham";"1";"1";"1";"1";"1";""
"179";"28/12/2021";"Watford";"West Ham";"1";"1";"1";"1";"1";""
"180";"28/12/2021";"Leicester";"Liverpool";"1";"1";"1";"1";"1";""
"181";"29/12/2021";"Chelsea";"Brighton";"1";"1";"1";"1";"1";""
"182";"29/12/2021";"Brentford";"Man City";"1";"1";"1";"1";"1";""
"183";"30/12/2021";"Man United";"Burnley";"1";"1";"1";"1";"1";""
"184";"01/01/2022";"Arsenal";"Man City";"1";"1";"1";"1";"1";""
"185";"01/01/2022";"Watford";"Tottenham";"1";"1";"1";"1";"1";""
"186";"01/01/2022";"Crystal Palace";"West Ham";"1";"1";"1";"1";"1";""
"187";"02/01/2022";"Brentford";"Aston Villa";"1";"1";"1";"1";"1";""
"188";"02/01/2022";"Everton";"Brighton";"1";"1";"1";"1";"1";""
"189";"02/01/2022";"Leeds";"Burnley";"1";"1";"1";"1";"1";""
"190";"02/01/2022";"Chelsea";"Liverpool";"1";"1";"1";"1";"1";""
"191";"03/01/2022";"Man United";"Wolves";"1";"1";"1";"1";"1";""
"192";"11/01/2022";"Southampton";"Brentford";"1";"1";"1";"1";"1";""
"193";"12/01/2022";"West Ham";"Norwich";"1";"1";"1";"1";"1";""
"194";"14/01/2022";"Brighton";"Crystal Palace";"1";"1";"1";"1";"1";""
"195";"15/01/2022";"Man City";"Chelsea";"1";"1";"1";"1";"1";""
"196";"15/01/2022";"Newcastle";"Watford";"1";"1";"1";"1";"1";""
"197";"15/01/2022";"Norwich";"Everton";"1";"1";"1";"1";"1";""
"198";"15/01/2022";"Wolves";"Southampton";"1";"1";"1";"1";"1";""
"199";"15/01/2022";"Aston Villa";"Man United";"1";"1";"1";"1";"1";""
"200";"16/01/2022";"Liverpool";"Brentford";"1";"1";"1";"1";"1";""
"201";"16/01/2022";"West Ham";"Leeds";"1";"1";"1";"1";"1";""
"202";"18/01/2022";"Brighton";"Chelsea";"1";"1";"1";"1";"1";""
"203";"19/01/2022";"Leicester";"Tottenham";"1";"1";"1";"1";"1";""
"204";"19/01/2022";"Brentford";"Man United";"1";"1";"1";"1";"1";""
"205";"21/01/2022";"Watford";"Norwich";"1";"1";"1";"1";"1";""
"206";"22/01/2022";"Everton";"Aston Villa";"1";"1";"1";"1";"1";""
"207";"22/01/2022";"Brentford";"Wolves";"1";"1";"1";"1";"1";""
"208";"22/01/2022";"Leeds";"Newcastle";"1";"1";"1";"1";"1";""
"209";"22/01/2022";"Man United";"West Ham";"1";"1";"1";"1";"1";""
"210";"22/01/2022";"Southampton";"Man City";"1";"1";"1";"1";"1";""
"211";"23/01/2022";"Arsenal";"Burnley";"1";"1";"1";"1";"1";""
"212";"23/01/2022";"Crystal Palace";"Liverpool";"1";"1";"1";"1";"1";""
"213";"23/01/2022";"Leicester";"Brighton";"1";"1";"1";"1";"1";""
"214";"23/01/2022";"Chelsea";"Tottenham";"1";"1";"1";"1";"1";""
"215";"05/02/2022";"Burnley";"Watford";"1";"1";"1";"1";"1";""
"216";"08/02/2022";"Newcastle";"Everton";"1";"1";"1";"1";"1";""
"217";"08/02/2022";"West Ham";"Watford";"1";"1";"1";"1";"1";""
"218";"08/02/2022";"Burnley";"Man United";"1";"1";"1";"1";"1";""
"219";"09/02/2022";"Man City";"Brentford";"1";"1";"1";"1";"1";""
"220";"09/02/2022";"Norwich";"Crystal Palace";"1";"1";"1";"1";"1";""
"221";"09/02/2022";"Tottenham";"Southampton";"1";"1";"1";"1";"1";""
"222";"09/02/2022";"Aston Villa";"Leeds";"1";"1";"1";"1";"1";""
"223";"10/02/2022";"Liverpool";"Leicester";"1";"1";"1";"1";"1";""
"224";"10/02/2022";"Wolves";"Arsenal";"1";"1";"1";"1";"1";""
"225";"12/02/2022";"Man United";"Southampton";"1";"1";"1";"1";"1";""
"226";"12/02/2022";"Brentford";"Crystal Palace";"1";"1";"1";"1";"1";""
"227";"12/02/2022";"Everton";"Leeds";"1";"1";"1";"1";"1";""
"228";"12/02/2022";"Watford";"Brighton";"1";"1";"1";"1";"1";""
"229";"12/02/2022";"Norwich";"Man City";"1";"1";"1";"1";"1";""
"230";"13/02/2022";"Burnley";"Liverpool";"1";"1";"1";"1";"1";""
"231";"13/02/2022";"Newcastle";"Aston Villa";"1";"1";"1";"1";"1";""
"232";"13/02/2022";"Tottenham";"Wolves";"1";"1";"1";"1";"1";""
"233";"13/02/2022";"Leicester";"West Ham";"1";"1";"1";"1";"1";""
"234";"15/02/2022";"Man United";"Brighton";"1";"1";"1";"1";"1";""
"235";"19/02/2022";"West Ham";"Newcastle";"1";"1";"1";"1";"1";""
"236";"19/02/2022";"Arsenal";"Brentford";"1";"1";"1";"1";"1";""
"237";"19/02/2022";"Aston Villa";"Watford";"1";"1";"1";"1";"1";""
"238";"19/02/2022";"Brighton";"Burnley";"1";"1";"1";"1";"1";""
"239";"19/02/2022";"Crystal Palace";"Chelsea";"1";"1";"1";"1";"1";""
"240";"19/02/2022";"Liverpool";"Norwich";"1";"1";"1";"1";"1";""
"241";"19/02/2022";"Southampton";"Everton";"1";"1";"1";"1";"1";""
"242";"19/02/2022";"Man City";"Tottenham";"1";"1";"1";"1";"1";""
"243";"20/02/2022";"Leeds";"Man United";"1";"1";"1";"1";"1";""
"244";"20/02/2022";"Wolves";"Leicester";"1";"1";"1";"1";"1";""
"245";"23/02/2022";"Burnley";"Tottenham";"1";"1";"1";"1";"1";""
"246";"23/02/2022";"Watford";"Crystal Palace";"1";"1";"1";"1";"1";""
"247";"23/02/2022";"Liverpool";"Leeds";"1";"1";"1";"1";"1";""
"248";"24/02/2022";"Arsenal";"Wolves";"1";"1";"1";"1";"1";""
"249";"25/02/2022";"Southampton";"Norwich";"1";"1";"1";"1";"1";""
"250";"26/02/2022";"Leeds";"Tottenham";"1";"1";"1";"1";"1";""
"251";"26/02/2022";"Brentford";"Newcastle";"1";"1";"1";"1";"1";""
"252";"26/02/2022";"Crystal Palace";"Burnley";"1";"1";"1";"1";"1";""
"253";"26/02/2022";"Man United";"Watford";"1";"1";"1";"1";"1";""
"254";"26/02/2022";"Brighton";"Aston Villa";"1";"1";"1";"1";"1";""
"255";"26/02/2022";"Everton";"Man City";"1";"1";"1";"1";"1";""
"256";"27/02/2022";"West Ham";"Wolves";"1";"1";"1";"1";"1";""
"257";"01/03/2022";"Burnley";"Leicester";"1";"1";"1";"1";"1";""
"258";"05/03/2022";"Leicester";"Leeds";"1";"1";"1";"1";"1";""
"259";"05/03/2022";"Aston Villa";"Southampton";"1";"1";"1";"1";"1";""
"260";"05/03/2022";"Burnley";"Chelsea";"1";"1";"1";"1";"1";""
"261";"05/03/2022";"Newcastle";"Brighton";"1";"1";"1";"1";"1";""
"262";"05/03/2022";"Norwich";"Brentford";"1";"1";"1";"1";"1";""
"263";"05/03/2022";"Wolves";"Crystal Palace";"1";"1";"1";"1";"1";""
"264";"05/03/2022";"Liverpool";"West Ham";"1";"1";"1";"1";"1";""
"265";"06/03/2022";"Watford";"Arsenal";"1";"1";"1";"1";"1";""
"266";"06/03/2022";"Man City";"Man United";"1";"1";"1";"1";"1";""
"267";"07/03/2022";"Tottenham";"Everton";"1";"1";"1";"1";"1";""
"268";"10/03/2022";"Norwich";"Chelsea";"1";"1";"1";"1";"1";""
"269";"10/03/2022";"Southampton";"Newcastle";"1";"1";"1";"1";"1";""
"270";"10/03/2022";"Wolves";"Watford";"1";"1";"1";"1";"1";""
"271";"10/03/2022";"Leeds";"Aston Villa";"1";"1";"1";"1";"1";""
"272";"12/03/2022";"Brighton";"Liverpool";"1";"1";"1";"1";"1";""
"273";"12/03/2022";"Brentford";"Burnley";"1";"1";"1";"1";"1";""
"274";"12/03/2022";"Man United";"Tottenham";"1";"1";"1";"1";"1";""
"275";"13/03/2022";"Chelsea";"Newcastle";"1";"1";"1";"1";"1";""
"276";"13/03/2022";"Everton";"Wolves";"1";"1";"1";"1";"1";""
"277";"13/03/2022";"Leeds";"Norwich";"1";"1";"1";"1";"1";""
"278";"13/03/2022";"Southampton";"Watford";"1";"1";"1";"1";"1";""
"279";"13/03/2022";"West Ham";"Aston Villa";"1";"1";"1";"1";"1";""
"280";"13/03/2022";"Arsenal";"Leicester";"1";"1";"1";"1";"1";""
"281";"14/03/2022";"Crystal Palace";"Man City";"1";"1";"1";"1";"1";""
"282";"16/03/2022";"Brighton";"Tottenham";"1";"1";"1";"1";"1";""
"283";"16/03/2022";"Arsenal";"Liverpool";"1";"1";"1";"1";"1";""
"284";"17/03/2022";"Everton";"Newcastle";"1";"1";"1";"1";"1";""
"285";"18/03/2022";"Wolves";"Leeds";"1";"1";"1";"1";"1";""
"286";"19/03/2022";"Aston Villa";"Arsenal";"1";"1";"1";"1";"1";""
"287";"20/03/2022";"Leicester";"Brentford";"1";"1";"1";"1";"1";""
"288";"20/03/2022";"Tottenham";"West Ham";"1";"1";"1";"1";"1";""
"289";"02/04/2022";"Liverpool";"Watford";"1";"1";"1";"1";"1";""
"290";"02/04/2022";"Brighton";"Norwich";"1";"1";"1";"1";"1";""
"291";"02/04/2022";"Burnley";"Man City";"1";"1";"1";"1";"1";""
"292";"02/04/2022";"Chelsea";"Brentford";"1";"1";"1";"1";"1";""
"293";"02/04/2022";"Leeds";"Southampton";"1";"1";"1";"1";"1";""
"294";"02/04/2022";"Wolves";"Aston Villa";"1";"1";"1";"1";"1";""
"295";"02/04/2022";"Man United";"Leicester";"1";"1";"1";"1";"1";""
"296";"03/04/2022";"West Ham";"Everton";"1";"1";"1";"1";"1";""
"297";"03/04/2022";"Tottenham";"Newcastle";"1";"1";"1";"1";"1";""
"298";"04/04/2022";"Crystal Palace";"Arsenal";"1";"1";"1";"1";"1";""
"299";"06/04/2022";"Burnley";"Everton";"1";"1";"1";"1";"1";""
"300";"08/04/2022";"Newcastle";"Wolves";"1";"1";"1";"1";"1";""
"301";"09/04/2022";"Everton";"Man United";"1";"1";"1";"1";"1";""
"302";"09/04/2022";"Arsenal";"Brighton";"1";"1";"1";"1";"1";""
"303";"09/04/2022";"Southampton";"Chelsea";"1";"1";"1";"1";"1";""
"304";"09/04/2022";"Watford";"Leeds";"1";"1";"1";"1";"1";""
"305";"09/04/2022";"Aston Villa";"Tottenham";"1";"1";"1";"1";"1";""
"306";"10/04/2022";"Brentford";"West Ham";"1";"1";"1";"1";"1";""
"307";"10/04/2022";"Leicester";"Crystal Palace";"1";"1";"1";"1";"1";""
"308";"10/04/2022";"Norwich";"Burnley";"1";"1";"1";"1";"1";""
"309";"10/04/2022";"Man City";"Liverpool";"1";"1";"1";"1";"1";""
"310";"16/04/2022";"Tottenham";"Brighton";"1";"1";"1";"1";"1";""
"311";"16/04/2022";"Man United";"Norwich";"1";"1";"1";"1";"1";""
"312";"16/04/2022";"Southampton";"Arsenal";"1";"1";"1";"1";"1";""
"313";"16/04/2022";"Watford";"Brentford";"1";"1";"1";"1";"1";""
"314";"17/04/2022";"Newcastle";"Leicester";"1";"1";"1";"1";"1";""
"315";"17/04/2022";"West Ham";"Burnley";"1";"1";"1";"1";"1";""
"316";"19/04/2022";"Liverpool";"Man United";"1";"1";"1";"1";"1";""
"317";"20/04/2022";"Chelsea";"Arsenal";"1";"1";"1";"1";"1";""
"318";"20/04/2022";"Everton";"Leicester";"1";"1";"1";"1";"1";""
"319";"20/04/2022";"Newcastle";"Crystal Palace";"1";"1";"1";"1";"1";""
"320";"20/04/2022";"Man City";"Brighton";"1";"1";"1";"1";"1";""
"321";"21/04/2022";"Burnley";"Southampton";"1";"1";"1";"1";"1";""
"322";"23/04/2022";"Arsenal";"Man United";"1";"1";"1";"1";"1";""
"323";"23/04/2022";"Leicester";"Aston Villa";"1";"1";"1";"1";"1";""
"324";"23/04/2022";"Man City";"Watford";"1";"1";"1";"1";"1";""
"325";"23/04/2022";"Norwich";"Newcastle";"1";"1";"1";"1";"1";""
"326";"23/04/2022";"Brentford";"Tottenham";"1";"1";"1";"1";"1";""
"327";"24/04/2022";"Brighton";"Southampton";"1";"1";"1";"1";"1";""
"328";"24/04/2022";"Burnley";"Wolves";"1";"1";"1";"1";"1";""
"329";"24/04/2022";"Chelsea";"West Ham";"1";"1";"1";"1";"1";""
"330";"24/04/2022";"Liverpool";"Everton";"1";"1";"1";"1";"1";""
"331";"25/04/2022";"Crystal Palace";"Leeds";"1";"1";"1";"1";"1";""
"332";"28/04/2022";"Man United";"Chelsea";"1";"1";"1";"1";"1";""
"333";"30/04/2022";"Newcastle";"Liverpool";"1";"1";"1";"1";"1";""
"334";"30/04/2022";"Aston Villa";"Norwich";"1";"1";"1";"1";"1";""
"335";"30/04/2022";"Southampton";"Crystal Palace";"1";"1";"1";"1";"1";""
"336";"30/04/2022";"Watford";"Burnley";"1";"1";"1";"1";"1";""
"337";"30/04/2022";"Wolves";"Brighton";"1";"1";"1";"1";"1";""
"338";"30/04/2022";"Leeds";"Man City";"1";"0";"1";"1";"0";"cuota_invalida_o_faltante"
"339";"01/05/2022";"Everton";"Chelsea";"1";"0";"1";"1";"0";"cuota_invalida_o_faltante"
"340";"01/05/2022";"Tottenham";"Leicester";"1";"0";"1";"1";"0";"cuota_invalida_o_faltante"
"341";"01/05/2022";"West Ham";"Arsenal";"1";"1";"1";"1";"1";""
"342";"02/05/2022";"Man United";"Brentford";"1";"1";"1";"1";"1";""
"343";"07/05/2022";"Brentford";"Southampton";"1";"1";"1";"1";"1";""
"344";"07/05/2022";"Burnley";"Aston Villa";"1";"1";"1";"1";"1";""
"345";"07/05/2022";"Chelsea";"Wolves";"1";"1";"1";"1";"1";""
"346";"07/05/2022";"Crystal Palace";"Watford";"1";"1";"1";"1";"1";""
"347";"07/05/2022";"Brighton";"Man United";"1";"1";"1";"1";"1";""
"348";"07/05/2022";"Liverpool";"Tottenham";"1";"1";"1";"1";"1";""
"349";"08/05/2022";"Arsenal";"Leeds";"1";"1";"1";"1";"1";""
"350";"08/05/2022";"Leicester";"Everton";"1";"1";"1";"1";"1";""
"351";"08/05/2022";"Norwich";"West Ham";"1";"1";"1";"1";"1";""
"352";"08/05/2022";"Man City";"Newcastle";"1";"1";"1";"1";"1";""
"353";"10/05/2022";"Aston Villa";"Liverpool";"1";"1";"1";"1";"1";""
"354";"11/05/2022";"Leeds";"Chelsea";"1";"1";"1";"1";"1";""
"355";"11/05/2022";"Leicester";"Norwich";"1";"1";"1";"1";"1";""
"356";"11/05/2022";"Watford";"Everton";"1";"1";"1";"1";"1";""
"357";"11/05/2022";"Wolves";"Man City";"1";"1";"1";"1";"1";""
"358";"12/05/2022";"Tottenham";"Arsenal";"1";"1";"1";"1";"1";""
"359";"15/05/2022";"Tottenham";"Burnley";"1";"1";"1";"1";"1";""
"360";"15/05/2022";"Aston Villa";"Crystal Palace";"1";"1";"1";"1";"1";""
"361";"15/05/2022";"Leeds";"Brighton";"1";"1";"1";"1";"1";""
"362";"15/05/2022";"Watford";"Leicester";"1";"1";"1";"1";"1";""
"363";"15/05/2022";"West Ham";"Man City";"1";"1";"1";"1";"1";""
"364";"15/05/2022";"Wolves";"Norwich";"1";"1";"1";"1";"1";""
"365";"15/05/2022";"Everton";"Brentford";"1";"1";"1";"1";"1";""
"366";"16/05/2022";"Newcastle";"Arsenal";"1";"1";"1";"1";"1";""
"367";"17/05/2022";"Southampton";"Liverpool";"1";"1";"1";"1";"1";""
"368";"19/05/2022";"Everton";"Crystal Palace";"1";"1";"1";"1";"1";""
"369";"19/05/2022";"Aston Villa";"Burnley";"1";"1";"1";"1";"1";""
"370";"19/05/2022";"Chelsea";"Leicester";"1";"1";"1";"1";"1";""
"371";"22/05/2022";"Arsenal";"Everton";"1";"1";"1";"1";"1";""
"372";"22/05/2022";"Brentford";"Leeds";"1";"1";"1";"1";"1";""
"373";"22/05/2022";"Brighton";"West Ham";"1";"1";"1";"1";"1";""
"374";"22/05/2022";"Burnley";"Newcastle";"1";"1";"1";"1";"1";""
"375";"22/05/2022";"Chelsea";"Watford";"1";"1";"1";"1";"1";""
"376";"22/05/2022";"Crystal Palace";"Man United";"1";"1";"1";"1";"1";""
"377";"22/05/2022";"Leicester";"Southampton";"1";"1";"1";"1";"1";""
"378";"22/05/2022";"Liverpool";"Wolves";"1";"1";"1";"1";"1";""
"379";"22/05/2022";"Man City";"Aston Villa";"1";"1";"1";"1";"1";""
"380";"22/05/2022";"Norwich";"Tottenham";"1";"1";"1";"1";"1";""
